,id,sold_quantity,name,price,date_created,category_name,category_id,entity_type
0,MLA19148883,91440,Smart Tech JSD-520,13298.67,2022-06-08 14:11:14+00:00,Accesorios para Vehículos,MLA5725,PRODUCT
1,MLA15018045,53500,Neumático Pirelli Formula Energy P 175/65R14 82 T,55386.0,2019-07-31 19:54:20+00:00,Accesorios para Vehículos,MLA5725,PRODUCT
17,MLA15737754,33824,Cubierta trasera para moto Pirelli Super City para uso con cámara de 90/90-18 P 51 x 1 unidad,35200.0,2020-05-21 17:18:38+00:00,Accesorios para Vehículos,MLA5725,PRODUCT
7,MLA20023033,21048,Pack 4 Paños Microfibra Multiuso Limpieza Auto Hogar Oficina Color Varios,2216.0,2022-12-07 13:50:57+00:00,Accesorios para Vehículos,MLA5725,PRODUCT
8,MLA785918507,13000,Kit Led Cree Cob H1 H7 H3 9005 12/24v 2019 C6+ 2 Posicion,4199.0,2019-05-11 21:13:45+00:00,Accesorios para Vehículos,MLA5725,ITEM
3,MLA22386055,12803,"Aceite para motor Total semi-sintético 10W-40 para autos, pickups & suvs de 1 unidad x 4L",15620.0,2023-03-28 20:57:51+00:00,Accesorios para Vehículos,MLA5725,PRODUCT
15,MLA19628368,12286,"Aceite para motor Valvoline semi-sintético 10W-40 para autos, pickups & suv de 1 unidad x 3.784L",13490.0,2022-09-26 19:34:11+00:00,Accesorios para Vehículos,MLA5725,PRODUCT
13,MLA19719361,11128,Aspiradora Para Auto Y Hogar Yelmo As-3240 Recargable Usb C,19999.0,2022-10-25 13:10:51+00:00,Accesorios para Vehículos,MLA5725,PRODUCT
6,MLA19667474,10337,"Aceite para motor Shell semi-sintético 10W-40 para autos, pickups & suvs x 4L",14689.0,2022-10-03 15:26:29+00:00,Accesorios para Vehículos,MLA5725,PRODUCT
9,MLA19628361,9953,Shell Helix HX8 Professional AV 5W-40 - 4 L - Unidad - 1 - 4 L,22789.0,2022-09-26 19:34:10+00:00,Accesorios para Vehículos,MLA5725,PRODUCT
5,MLA935661345,5000,Scanner Automotriz Multimarca Elm327 Obd2 V2.1 Bluetooth,2630.0,2021-08-24 15:09:34+00:00,Accesorios para Vehículos,MLA5725,ITEM
11,MLA853627996,5000,Cubierta Drook 2.75 14 Tt 6 Telas Trip/biz/smash/110c,17623.0,2020-05-06 13:52:34+00:00,Accesorios para Vehículos,MLA5725,ITEM
12,MLA904876200,5000,Candado Blindado Para Moto Traba Disco Con Alarma 2 Llaves,9499.0,2021-01-19 22:14:08+00:00,Accesorios para Vehículos,MLA5725,ITEM
16,MLA801388354,5000,Stereo Auto Doble Din Pantalla Tactil Mirrorlink Camara Rev,37999.0,2019-07-18 21:50:33+00:00,Accesorios para Vehículos,MLA5725,ITEM
18,MLA862867157,5000,Stereo Auto Pantalla Bluetooth Mp3 Usb Fm Lcd Auto,12999.0,2020-06-17 23:14:45+00:00,Accesorios para Vehículos,MLA5725,ITEM
2,MLA606861275,4100,Funda Cubre Moto Cobertor Lluvia Polvo Sol.  Cubre Moto,3591.0,2016-02-20 01:46:03+00:00,Accesorios para Vehículos,MLA5725,ITEM
10,MLA23380726,3902,Stereo Para Auto Bluetooth Display Lcd Mp3 Usb Radio Fm Sd,14999.0,2023-05-19 22:18:10+00:00,Accesorios para Vehículos,MLA5725,PRODUCT
14,MLA924716196,2250,Funda Cubre Coche Impermeable Con Bolso De Regalo S-xl,9999.0,2021-06-09 17:52:48+00:00,Accesorios para Vehículos,MLA5725,ITEM
4,MLA1364708505,1450,Kit Cree Led C6 Mini H4 H1 H7 H3 H8 H11 H16 Psx24w 9006,5490.0,2023-04-03 20:46:22+00:00,Accesorios para Vehículos,MLA5725,ITEM
22,MLA13121234,47772,Hidrolavadora eléctrica Lüsqtoff HL-120 naranja y negra de 1200W con 105bar de presión máxima 220V - 50Hz,55335.0,2018-11-29 13:29:06+00:00,Agro,MLA1512,PRODUCT
28,MLA15829403,28130,Lüsqtoff Flux SML130-7 - Naranja/Negro - 220V - 50 Hz,128299.0,2020-07-01 15:06:11+00:00,Agro,MLA1512,PRODUCT
19,MLA19200921,25687,Lüsqtoff Megairon-100 - Naranja/Negro - 220V - 50 Hz/60 Hz,59500.0,2022-06-24 15:02:05+00:00,Agro,MLA1512,PRODUCT
21,MLA14603977,15284,Bomba periférica Gamma Leve QB60 0.5hp color celeste 60Hz 220V,24554.0,2019-05-09 22:00:58+00:00,Agro,MLA1512,PRODUCT
32,MLA16216420,7240,Hidrolavadora eléctrica Daewoo Eco DAX21-150 de 2000W con 140bar de presión máxima 220V,141000.0,2020-11-03 15:29:18+00:00,Agro,MLA1512,PRODUCT
20,MLA19586510,5932,Soldadora inverter Daewoo MINIDWMMA MINIDW100MMA MINIDW100MMA negra y naranja 50Hz 220V,48081.0,2022-09-07 17:29:10+00:00,Agro,MLA1512,PRODUCT
27,MLA17717346,2378,Hidrolavadora eléctrica Cadena Zero HI110 ZEHI110 de 1450W con 110bar de presión máxima 220V,55673.6,2021-04-05 19:51:20+00:00,Agro,MLA1512,PRODUCT
37,MLA16479701,2130,Kushiro BP 80 - Negro - 220V - 1 hp,43499.13,2020-12-01 18:40:30+00:00,Agro,MLA1512,PRODUCT
34,MLA21791453,1256,Tanque De Agua 300 Lts Extra Chato 64 Cm Alto X 83 Cm Diam,32500.0,2023-02-19 11:36:53+00:00,Agro,MLA1512,PRODUCT
24,MLA928701530,500,Hilo Electroplastico Electroplast 1000 Metros Standard Full,15999.0,2021-07-08 14:06:59+00:00,Agro,MLA1512,ITEM
25,MLA902005840,500,Hilo Electroplastico Electroplast 500 Metros Standard Full,6934.05,2020-12-22 21:01:59+00:00,Agro,MLA1512,ITEM
26,MLA1104509514,500,100 Aisladores Aislantes Para Boyero Campanita Envio Rapido,5199.0,2021-09-22 13:00:02+00:00,Agro,MLA1512,ITEM
29,MLA1125369616,500,Hilo Boyero Electrico Electroplast® 500 Metros Standard 4h,7638.0,2022-02-28 17:19:02+00:00,Agro,MLA1512,ITEM
31,MLA913169453,500,Pinza Caravanas Universal Tipo Allflex Con Aguja De Repuesto,15999.0,2021-03-23 14:46:29+00:00,Agro,MLA1512,ITEM
35,MLA908877608,500,Boyero Vaquero 60 Km Mas Panel Solar 10w,82281.75,2021-02-19 12:08:10+00:00,Agro,MLA1512,ITEM
23,MLA1316644717,250,Electrificador - Boyero Electro 5km,15990.0,2023-01-20 15:29:44+00:00,Agro,MLA1512,ITEM
38,MLA773913817,250,Pinza Elastrator Castracion Bovino / Ovino + 100 Gomitas,34999.0,2019-03-05 12:39:11+00:00,Agro,MLA1512,ITEM
33,MLA1102737510,150,Cable Electroplastico 6 Alambres X 500mts [4 Bobinas] Boyero,32400.0,2021-09-10 20:18:22+00:00,Agro,MLA1512,ITEM
30,MLA1318702355,100,Electrificador - Boyero Electro 15km,20990.0,2023-01-23 18:26:18+00:00,Agro,MLA1512,ITEM
36,MLA1142088345,25,"Semillas De Mijo Forrajero Siembra, Pastura, Brote X 30 Kg",21000.0,2022-06-11 14:59:00+00:00,Agro,MLA1512,ITEM
39,MLA16167744,325106,Café au lait en cápsula Nescafé Dolce Gusto,2272.0,2020-10-15 14:11:24+00:00,Alimentos y Bebidas,MLA1403,PRODUCT
40,MLA19629590,244784,16 Capsulas Cortado Espresso Dolce Gusto Nescafe,2349.0,2022-09-26 23:04:11+00:00,Alimentos y Bebidas,MLA1403,PRODUCT
42,MLA16167699,219718,Cápsulas Nescafé Dolce Gusto Lungo,2272.0,2020-10-15 14:11:20+00:00,Alimentos y Bebidas,MLA1403,PRODUCT
45,MLA16167625,114220,Cápsulas Nescafé Dolce Gusto Cappuccino,2272.0,2020-10-15 14:11:15+00:00,Alimentos y Bebidas,MLA1403,PRODUCT
51,MLA16167792,80610,Cápsulas Nescafé Dolce Gusto Latte Macchiato,2349.0,2020-10-15 14:11:28+00:00,Alimentos y Bebidas,MLA1403,PRODUCT
44,MLA21017193,73699,Yerba mate Playadito suave 1000g,1879.0,2023-01-04 17:52:28+00:00,Alimentos y Bebidas,MLA1403,PRODUCT
58,MLA16595257,73254,Mayonesa Natura sin TACC en doypack 500 ml,468.0,2020-12-10 18:38:04+00:00,Alimentos y Bebidas,MLA1403,PRODUCT
54,MLA19939007,66453,Leche Descremada Larga Vida X 1 L Tregar ,494.88,2022-12-02 23:32:36+00:00,Alimentos y Bebidas,MLA1403,PRODUCT
56,MLA16010049,60945,Aceite de girasol Natura botellasin TACC 1.5 l ,1223.0,2020-08-13 16:30:32+00:00,Alimentos y Bebidas,MLA1403,PRODUCT
48,MLA16595027,54835,Mayonesa Natura sin gluten doypack 950g,890.0,2020-12-10 18:37:41+00:00,Alimentos y Bebidas,MLA1403,PRODUCT
43,MLA20719337,42605,Fideos Tirabuzón Lucchetti 500g,600.0,2022-12-15 17:44:16+00:00,Alimentos y Bebidas,MLA1403,PRODUCT
41,MLA19839481,36127,Yerba mate Canarias sabor tradicional 1kg,3825.0,2022-11-16 21:12:08+00:00,Alimentos y Bebidas,MLA1403,PRODUCT
55,MLA19938866,23857,Cápsulas Starbucks Caramel Macchiato X 12 Dolce Gusto,2318.8,2022-12-02 22:04:53+00:00,Alimentos y Bebidas,MLA1403,PRODUCT
49,MLA22575565,16848,Galletitas De Agua Sandwich La Providencia Pack Familiar X5,649.35,2023-04-14 11:07:32+00:00,Alimentos y Bebidas,MLA1403,PRODUCT
52,MLA16010002,16400,Aceite de girasol Natura botella3 l ,3958.0,2020-08-13 16:30:24+00:00,Alimentos y Bebidas,MLA1403,PRODUCT
47,MLA19593112,14639,Aceite De Coco God Bless You Neutro 1L,6527.46,2022-09-09 23:39:32+00:00,Alimentos y Bebidas,MLA1403,PRODUCT
46,MLA19875119,13795, Muecas Caja X16 Barritas Cereal Chocolate Avellanas Y Coco,4774.0,2022-11-21 21:39:13+00:00,Alimentos y Bebidas,MLA1403,PRODUCT
57,MLA19609638,9264,Galletitas Surtido Bagley Paquete De 398 Grs,963.32,2022-09-15 23:02:36+00:00,Alimentos y Bebidas,MLA1403,PRODUCT
50,MLA21088240,8396,Caja 40 Alfajores Guaymallen Chocolate Negro Dulce De Leche,3150.0,2023-01-10 17:17:56+00:00,Alimentos y Bebidas,MLA1403,PRODUCT
53,MLA1107994166,5000,Oferta De Vino Luigi  En Combo (8 Botellas)a. Quirino ,17499.0,2021-10-13 17:14:31+00:00,Alimentos y Bebidas,MLA1403,ITEM
59,MLA8726956,115448,Alimento Excellent Adult para gato adulto sabor pollo y arroz en bolsa de 7.5 kg,16875.0,2017-12-06 20:18:54+00:00,Animales y Mascotas,MLA1071,PRODUCT
60,MLA15135858,94258,Alimento Royal Canin Size Health Nutrition Mini Adult para perro adulto de raza pequeña sabor mix en bolsa de 7.5 kg,18500.0,2019-09-12 14:36:53+00:00,Animales y Mascotas,MLA1071,PRODUCT
63,MLA8755744,85090,Alimento Royal Canin Club Performance Adult para perro adulto todos los tamaños sabor mix en bolsa de 20 kg,26070.0,2017-12-26 14:13:27+00:00,Animales y Mascotas,MLA1071,PRODUCT
64,MLA15233904,83880,Alimento Maintenance Criadores  para perro adulto todos los tamaños sabor carne y pollo en bolsa de 22 kg,7918.0,2019-11-11 20:17:28+00:00,Animales y Mascotas,MLA1071,PRODUCT
69,MLA8975871,69956,Agroindustrias Baires Old Prince Premium Perro Adulto - Todos los tamaños - Pollo/Carne - 20 kg - Bolsa - Seca,13545.0,2018-03-06 12:22:20+00:00,Animales y Mascotas,MLA1071,PRODUCT
65,MLA8726955,68930,Alimento Excellent Adult para gato adulto sabor pollo y arroz en bolsa de 15 kg,32391.0,2017-12-06 20:18:54+00:00,Animales y Mascotas,MLA1071,PRODUCT
67,MLA8726953,63918,Purina Excellent Urinary Gato Adulto - Pollo/Arroz - 7.5 kg - 7.5 kg - Bolsa - Seca - Unidad - 1,19935.0,2017-12-06 20:18:54+00:00,Animales y Mascotas,MLA1071,PRODUCT
66,MLA15394015,62070,Alimento Excellent Maintenance Formula para perro adulto todos los tamaños sabor mix en bolsa de 20 kg,20925.0,2020-01-21 13:36:04+00:00,Animales y Mascotas,MLA1071,PRODUCT
76,MLA8755752,57602,Alimento Sieger Criadores All In One para perro todos los tamaños en bolsa de 20 kg,23410.0,2017-12-26 14:13:28+00:00,Animales y Mascotas,MLA1071,PRODUCT
73,MLA15135849,54996,Alimento Royal Canin Size Health Nutrition Medium Adult para perro adulto de raza mediana sabor mix en bolsa de 15 kg,27481.0,2019-09-12 14:36:52+00:00,Animales y Mascotas,MLA1071,PRODUCT
75,MLA15135851,45938,Mars Petcare Royal Canin Size Health Nutrition Maxi Adult Perro Adulto - Grande - Mix - 15 kg - Bolsa - Seca,26990.0,2019-09-12 14:36:52+00:00,Animales y Mascotas,MLA1071,PRODUCT
78,MLA8918888,40810,Alimento Royal Canin Club Performance para gato adulto sabor mix en bolsa de 7.5 kg,17722.0,2018-02-14 14:39:00+00:00,Animales y Mascotas,MLA1071,PRODUCT
74,MLA15144814,38271,Alimento Pro Plan OptiHealth Pro Plan para perro adulto de raza mediana sabor pollo y arroz en bolsa de 18 kg,29900.0,2019-09-18 18:21:19+00:00,Animales y Mascotas,MLA1071,PRODUCT
68,MLA15168925,30689,"Alimento Pedigree Óptima Digestión Etapa 2 para perro adulto todos los tamaños sabor carne, pollo y cereales en bolsa de 21 kg",14786.64,2019-10-02 19:32:02+00:00,Animales y Mascotas,MLA1071,PRODUCT
70,MLA10201197,26730,Alimento Agility Active Health para perro adulto de raza mediana y grande sabor mix en bolsa de 20 kg,15350.0,2018-07-26 16:07:00+00:00,Animales y Mascotas,MLA1071,PRODUCT
72,MLA13125652,19082,Alimento Agility Premium Urinary para gato adulto sabor mix en bolsa de 10 kg,16700.0,2018-11-29 15:04:07+00:00,Animales y Mascotas,MLA1071,PRODUCT
77,MLA11878396,18676,Alimento Royal Canin Feline Health Nutrition Fit para gato adulto sabor mix en bolsa de 15 kg,39686.0,2018-10-10 19:52:05+00:00,Animales y Mascotas,MLA1071,PRODUCT
61,MLA22371309,12693,Old Prince Noveles Cordero Y Arroz Adulto  X 18 Kg,19698.0,2023-03-24 20:14:24+00:00,Animales y Mascotas,MLA1071,PRODUCT
62,MLA20995296,10670,Old Prince Premium Adultos Todos Los Tamaños En Bolsa De 23 Kg,13545.0,2023-01-04 03:49:18+00:00,Animales y Mascotas,MLA1071,PRODUCT
71,MLA1122016361,5000,"Piedritas Para Gatos Aglomerante Rubicat 21,2kg Persa Siames",4160.0,2022-02-03 17:43:46+00:00,Animales y Mascotas,MLA1071,ITEM
79,MLA15843641,21464,Samsung VC20CCNMA 1.5 L - Negro - 220V,73911.6,2020-07-08 15:23:43+00:00,Antigüedades y Colecciones,MLA1367,PRODUCT
81,MLA925577126,5000,Mini Perfumero Portátil Recargable 5ml Atomizador Colores,2299.0,2021-06-14 20:58:03+00:00,Antigüedades y Colecciones,MLA1367,ITEM
97,MLA15157343,4380,Oster Perfect Brew BVSTEM7300 - Acero inoxidable - 220V,444552.0,2019-09-26 12:31:54+00:00,Antigüedades y Colecciones,MLA1367,PRODUCT
80,MLA20008375,2994,Molinillo De Cafe Y Semillas Peabody Smart Chef Pe-mc9100,20499.0,2022-12-07 13:40:12+00:00,Antigüedades y Colecciones,MLA1367,PRODUCT
86,MLA20008383,2662,Molinillo De Cafe Ultracomb Mo8100a 120w Acero Inoxidable,18122.0,2022-12-07 13:40:13+00:00,Antigüedades y Colecciones,MLA1367,PRODUCT
85,MLA900665663,2159,Mini Perfumero Portatil Recargable 5ml Ideal Viajes Colores,1999.0,2020-12-11 13:59:15+00:00,Antigüedades y Colecciones,MLA1367,ITEM
83,MLA900683500,730,Mini Perfumero Portatil Recargable 5ml Atomizador Colores,1999.0,2020-12-11 15:20:15+00:00,Antigüedades y Colecciones,MLA1367,ITEM
98,MLA20008386,691,Molinillo De Cafe Oster Mh23 Color Gris,48599.0,2022-12-07 13:40:13+00:00,Antigüedades y Colecciones,MLA1367,PRODUCT
82,MLA1285511942,500,Mini Perfumero Portátil Recargable 5ml Atomizador Colores,1827.35,2022-12-19 20:02:51+00:00,Antigüedades y Colecciones,MLA1367,ITEM
84,MLA623602486,500,Bandera Argentina 90 X 150cm Con Sol Oferta!!!,2610.0,2016-06-10 12:46:17+00:00,Antigüedades y Colecciones,MLA1367,ITEM
91,MLA859199369,500,Mini Perfumero Recargable 8ml A Rosca Porta Perfume Locion,2533.0,2020-05-31 14:59:12+00:00,Antigüedades y Colecciones,MLA1367,ITEM
88,MLA20035787,326,Licuadora De Vaso Atma Li8444rp 500w 5 Velocidades,28639.0,2022-12-07 13:59:53+00:00,Antigüedades y Colecciones,MLA1367,PRODUCT
87,MLA904219695,250,Banderas Publicitarias Promocionales Personalizadas 100x70cm,6600.0,2021-01-14 16:24:55+00:00,Antigüedades y Colecciones,MLA1367,ITEM
90,MLA635816739,200,Bandera Argentina 60 X 90cm Con Sol Oferta!!!,1310.0,2016-09-20 18:46:22+00:00,Antigüedades y Colecciones,MLA1367,ITEM
94,MLA851085844,100,Bandera Argentina De Flameo *140x250cms* - Oficial Reforzada,15790.0,2020-04-23 18:04:17+00:00,Antigüedades y Colecciones,MLA1367,ITEM
95,MLA1383134100,100,5 Mini Perfumeros Portátil Recargable 5ml Atomizador Colores,8141.77,2023-03-29 22:09:46+00:00,Antigüedades y Colecciones,MLA1367,ITEM
89,MLA721293444,80,Mini Perfumero Recargable X 5u Via Atomizador 5ml Promoción,8363.0,2018-04-25 11:38:52+00:00,Antigüedades y Colecciones,MLA1367,ITEM
92,MLA670769993,60,Regalo Dia Amigo X 10 U. Perfumero Recargable 5ml Atomizador,16173.0,2017-06-15 17:16:23+00:00,Antigüedades y Colecciones,MLA1367,ITEM
93,MLA1373255195,43,Mini Perfumero Portátil Recargable 5ml Atomizador Colores,1856.1,2023-06-13 19:37:27+00:00,Antigüedades y Colecciones,MLA1367,ITEM
96,MLA1347075767,25,Bandera Javier Milei 2023 90 X 150cm,3990.0,2023-02-15 17:35:56+00:00,Antigüedades y Colecciones,MLA1367,ITEM
118,MLA14811959,555872,Art-Jet A4 fotográfico de 20 hojas de 115g color blanco por unidad,2990.0,2019-06-25 18:30:03+00:00,"Arte, Librería y Mercería",MLA1368,PRODUCT
99,MLA20800098,274340,Resma Punax A4 75 gr,2793.0,2022-12-19 20:11:28+00:00,"Arte, Librería y Mercería",MLA1368,PRODUCT
101,MLA11578259,185822,Resma Autor A4 multifunción de 500 hojas de 75g color blanco por unidad,2780.0,2018-10-01 19:29:41+00:00,"Arte, Librería y Mercería",MLA1368,PRODUCT
104,MLA14814752,77002,Resma Boreal A4 multifunción de 500 hojas de 75g color blanco por unidad,2844.0,2019-06-26 13:21:09+00:00,"Arte, Librería y Mercería",MLA1368,PRODUCT
103,MLA20794899,56890,Kit 10 Resma Pampa A4 multifunción de 500 hojas de 70 gr color blanco,28999.0,2022-12-19 14:29:24+00:00,"Arte, Librería y Mercería",MLA1368,PRODUCT
100,MLA23644151,34291,Pizarra Blanca 120x300 Marco Aluminio Clase X Zoom O Escuela,70500.0,2023-06-02 15:01:11+00:00,"Arte, Librería y Mercería",MLA1368,PRODUCT
112,MLA23565243,14715,Pizarra Blanca 90x140cm Prémium + Accesorios,21400.0,2023-05-31 00:01:09+00:00,"Arte, Librería y Mercería",MLA1368,PRODUCT
113,MLA840031481,8749,Cinta Al Bies Colores Varios Ancho 20 Mm Rollo X 25 Mts,1600.0,2020-02-19 15:08:04+00:00,"Arte, Librería y Mercería",MLA1368,ITEM
107,MLA877387604,5000,Resma A4 Pampa 500 Hojas 70gr Papel Blanco X 10unid,29800.0,2020-09-08 13:59:43+00:00,"Arte, Librería y Mercería",MLA1368,ITEM
108,MLA1123489347,5000,Kit 10 Resmas Pampa A4 70 G Papel Blanco Caja X10 U,28999.0,2022-02-14 15:29:59+00:00,"Arte, Librería y Mercería",MLA1368,ITEM
110,MLA743644205,5000,Calculadora Científica 20 Dígitos Funciones Números Escolar,3499.0,2018-08-17 22:28:27+00:00,"Arte, Librería y Mercería",MLA1368,ITEM
111,MLA929623547,5000,"Kit 10 Resmas Boreal A4 75gr 21x29,7 Papel Blanco Alcalino",31899.0,2021-07-15 19:27:58+00:00,"Arte, Librería y Mercería",MLA1368,ITEM
116,MLA1111539962,5000,Cera De Soja Comercial X 1 Kilo. Soy Wax. Excelente Calidad.,1592.71,2021-11-09 02:29:02+00:00,"Arte, Librería y Mercería",MLA1368,ITEM
102,MLA864658460,4250,Hilo De Algodon Macrame Crudo Mejor Calidad Varios Grosores ,1732.0,2020-06-26 16:41:13+00:00,"Arte, Librería y Mercería",MLA1368,ITEM
105,MLA896652682,3752,Lapicera Parker Jotter Con Grabado De Texto O Logo,7750.0,2020-11-11 01:54:17+00:00,"Arte, Librería y Mercería",MLA1368,ITEM
106,MLA1374121719,900,Marcadores Filgo Alloy Sketch Artisticos Doble Punta X 12 Un,4400.0,2023-06-21 20:14:34+00:00,"Arte, Librería y Mercería",MLA1368,ITEM
109,MLA1133470067,500,200 Dijes Cuentas Plásticas Blancas C/letra Color Negro 7mm,1799.91,2022-04-22 20:52:37+00:00,"Arte, Librería y Mercería",MLA1368,ITEM
114,MLA1112249974,500,Cinta Doble Faz Transparente Silicona Nanotecnología 1m,1299.0,2021-11-13 14:45:23+00:00,"Arte, Librería y Mercería",MLA1368,ITEM
115,MLA1113212602,500,Resina Joyería Epoxi Transparente Vidrio Liquido 150g Joyas,5500.0,2021-11-19 23:49:43+00:00,"Arte, Librería y Mercería",MLA1368,ITEM
117,MLA1109878009,500,Marcadores Mooving Pincelados Punta Pincel Set X 16 Colores,4200.0,2021-10-26 19:02:15+00:00,"Arte, Librería y Mercería",MLA1368,ITEM
124,MLA17413071,93706,Huggies Supreme Care - XXG - Sin género - 50,5999.0,2021-02-25 18:59:09+00:00,Bebés,MLA1384,PRODUCT
125,MLA15821802,81434,Leche de fórmula en polvo sin TACC Nutricia Bagó Nutrilon Profutura 2 en bolsa de 1 de 1.2kg - 6  a 12 meses,9999.0,2020-06-26 22:03:31+00:00,Bebés,MLA1384,PRODUCT
135,MLA15821801,79528,Nutricia Bagó Nutrilon Profutura 3 En polvo - Bolsa - Unidad - 1 - 1.2 kg,6729.0,2020-06-26 22:03:30+00:00,Bebés,MLA1384,PRODUCT
129,MLA17413070,64718,Pañales Huggies Supreme Care  XG 52 u,5999.0,2021-02-25 18:59:09+00:00,Bebés,MLA1384,PRODUCT
122,MLA15993170,54811,Óleo calcáreo Estrella Baby Sin Fragancia 950 ml,2124.15,2020-08-06 22:12:44+00:00,Bebés,MLA1384,PRODUCT
127,MLA15821799,53938,Leche de fórmula en polvo sin TACC Nutricia Bagó Nutrilon Profutura 1 en bolsa de 1 de 1.2kg - 0  a 6 meses,9999.0,2020-06-26 22:03:29+00:00,Bebés,MLA1384,PRODUCT
138,MLA15995382,47786,Toallitas húmedas Q-Soft Aloe Vera 50 u,457.9,2020-08-07 19:14:46+00:00,Bebés,MLA1384,PRODUCT
126,MLA17460321,46932,Pampers Premium Care Pants - XXG - Sin género - 52,7750.0,2021-03-12 18:02:58+00:00,Bebés,MLA1384,PRODUCT
119,MLA19475008,39180,Nutrilon 1 Profutura - 0 A 6 Meses Brick 200ml X 24un,12933.0,2022-07-26 22:02:37+00:00,Bebés,MLA1384,PRODUCT
120,MLA19475010,28988,Nutrilon 2 Profutura - 6 A 12 Meses Brick 200ml X 24un,12500.0,2022-07-26 22:02:37+00:00,Bebés,MLA1384,PRODUCT
133,MLA10791888,25502,Nestlé nidina 2 polvo 800gr,5025.0,2018-08-24 17:11:01+00:00,Bebés,MLA1384,PRODUCT
137,MLA14561679,23442,Leche de fórmula líquida sin TACC Mead Johnson SanCor Bebé 2 en brick - Pack de 12 de 500mL - 6  a 12 meses,18480.0,2019-05-02 18:22:59+00:00,Bebés,MLA1384,PRODUCT
128,MLA19590484,21922,Toallas Húmedas Huggies Triple Protección X 80unidades M A F,986.0,2022-09-08 21:08:01+00:00,Bebés,MLA1384,PRODUCT
134,MLA19475009,15680,Nutrilon 3 Profutura - 1 Año En Adelante Brick 200ml X 24un,7010.0,2022-07-26 22:02:37+00:00,Bebés,MLA1384,PRODUCT
121,MLA23414355,7005,Pañales Pampers Premium Care XXG 88 unidades,15750.0,2023-05-24 18:34:32+00:00,Bebés,MLA1384,PRODUCT
130,MLA21553476,5569,Juguete Cactus Bailarín Con Música Canta Baila Y Repite Voz,8999.0,2023-01-31 23:56:19+00:00,Bebés,MLA1384,PRODUCT
123,MLA22520282,5074,Pañales Pampers Premium Hipoalergenico  XG 96 u,16350.0,2023-04-06 22:28:11+00:00,Bebés,MLA1384,PRODUCT
136,MLA910506725,1950,Fular Portabebe Porteo Ergonomico Talle Universal 5 Metros!!,6536.5,2021-03-04 13:17:01+00:00,Bebés,MLA1384,ITEM
131,MLA1115535942,100,Cactus Bailarin Tiktok Juguete Baila Canta Repite Voz,9450.0,2021-12-10 18:43:26+00:00,Bebés,MLA1384,ITEM
132,MLA1223569894,3,Bañera Bebe Plegable Ultra Compacta Tapón De Drenaje Love ,20799.0,2022-11-03 12:17:08+00:00,Bebés,MLA1384,ITEM
146,MLA18956615,149096,Serum Revitalift Loreal Paris Ácido Hialurónico 30ml,7925.0,2022-03-02 21:48:20+00:00,Belleza y Cuidado Personal,MLA1246,PRODUCT
150,MLA18957818,64136,Garnier Skin Active Sérum iluminador Vitamina C día/noche para todo tipo de piel de 30mL,5827.0,2022-03-03 19:00:19+00:00,Belleza y Cuidado Personal,MLA1246,PRODUCT
157,MLA18455278,60610,Recortadora Vintage Profissional T9 negra,3269.0,2021-09-15 19:15:33+00:00,Belleza y Cuidado Personal,MLA1246,PRODUCT
144,MLA16048275,58558,Protector solar Eucerin Oil Control FPS 50 Toque Seco en gel crema de 50 mL,10625.0,2020-08-27 20:27:43+00:00,Belleza y Cuidado Personal,MLA1246,PRODUCT
149,MLA17378222,57761,Serum Oleo Extraordinario Nutricion X100 Elvive Loreal Paris,1944.47,2021-02-18 14:29:39+00:00,Belleza y Cuidado Personal,MLA1246,PRODUCT
148,MLA15574680,55218,Planchita de pelo GA.MA Italy Bella Tourmaline Red Ion negra y roja 110V/220V,20390.0,2020-04-06 19:59:06+00:00,Belleza y Cuidado Personal,MLA1246,PRODUCT
152,MLA6093959,27588,Perfume Banderas Blue Seduction Edt 100 Ml Para Hombre,13815.0,2016-01-07 01:06:40+00:00,Belleza y Cuidado Personal,MLA1246,PRODUCT
140,MLA18570164,22744,Secador de pelo GA.MA Italy Mistral Ceramic ION negro 220V,19499.0,2021-10-25 20:43:06+00:00,Belleza y Cuidado Personal,MLA1246,PRODUCT
142,MLA20083342,21023,Cepillo Plancha Pelo Alisador Secador Electrico Cabello,9213.0,2022-12-07 23:10:14+00:00,Belleza y Cuidado Personal,MLA1246,PRODUCT
141,MLA19957366,19250,"Protector Labial Humectante Nivea Blackberry Shine 4,8 Grs",1875.09,2022-12-05 21:36:12+00:00,Belleza y Cuidado Personal,MLA1246,PRODUCT
143,MLA19464946,13768,Cher. Dieciocho EDP 100 ml para  mujer  ,13401.0,2022-07-19 14:18:25+00:00,Belleza y Cuidado Personal,MLA1246,PRODUCT
156,MLA19957364,13109,Protector Labial Nivea By Labello Fruity Shine Cereza Cherry,1758.0,2022-12-05 21:36:12+00:00,Belleza y Cuidado Personal,MLA1246,PRODUCT
139,MLA23546366,12257,Maquina De Cortar Pelo Recortadora Patillera Vintage Dragon,5100.0,2023-05-30 07:13:23+00:00,Belleza y Cuidado Personal,MLA1246,PRODUCT
151,MLA18558523,11582,Secador de pelo BL SECA01 TEDGE 220V,8399.0,2021-10-19 20:11:51+00:00,Belleza y Cuidado Personal,MLA1246,PRODUCT
155,MLA19898755,11540,Sérum Brightening Serum Lidherma Radian C con vitamina C y ac. hialurónico 30g,5090.0,2022-11-29 13:42:28+00:00,Belleza y Cuidado Personal,MLA1246,PRODUCT
145,MLA22478213,9713,Serum Noche L'Oréal Paris Revitalift Retinol de 30ml,9239.0,2023-04-03 17:54:10+00:00,Belleza y Cuidado Personal,MLA1246,PRODUCT
158,MLA19638909,8497,Anthelios Uvmune 400 Fluido Invisible50+ La Roche-posay 50ml,13048.0,2022-09-27 23:03:23+00:00,Belleza y Cuidado Personal,MLA1246,PRODUCT
147,MLA19834660,7577,Protector Solar Loreal Paris Fps50+ Uv Defender Fluido 40gr,9887.5,2022-11-16 21:03:23+00:00,Belleza y Cuidado Personal,MLA1246,PRODUCT
153,MLA1139044549,5500,Kit Revitalift L' Oréal Paris Ácido Hialurónico Antiedad,15640.0,2022-05-26 15:47:40+00:00,Belleza y Cuidado Personal,MLA1246,ITEM
154,MLA21773381,4120,Secador de pelo Revlon rvdr773pla2a violeta violeta 220V,14999.0,2023-02-16 17:50:39+00:00,Belleza y Cuidado Personal,MLA1246,PRODUCT
189,MLA15285466,248418,Auriculares in-ear inalámbricos QCY T1C negro con luz LED,12799.0,2019-12-12 20:50:15+00:00,Celulares y Teléfonos,MLA1051,PRODUCT
193,MLA19031223,107156,Dongguan Liesheng Electronic Technology Xiaomi Redmi Buds 3 Lite M2110E1 - Negro - 1,14243.0,2022-03-31 22:36:50+00:00,Celulares y Teléfonos,MLA1051,PRODUCT
184,MLA19174175,52038,"Xiaomi Mi Smart Band 7 1.62"" caja 170mm  negra, malla  negra M2129B1",30104.55,2022-06-22 15:14:38+00:00,Celulares y Teléfonos,MLA1051,PRODUCT
188,MLA879465297,50000,Aro De Luz Led 26 Cm Con Trípode 2 Metros,8955.0,2020-09-18 20:23:15+00:00,Celulares y Teléfonos,MLA1051,ITEM
195,MLA15916979,40196,Tarjeta de memoria Kingston SDCS2SP  Canvas Select Plus con adaptador SD 128GB,7820.0,2020-07-20 15:29:09+00:00,Celulares y Teléfonos,MLA1051,PRODUCT
185,MLA21024384,24198,Samsung Galaxy A04 128 GB  negro 4 GB RAM,96999.0,2023-01-04 19:24:20+00:00,Celulares y Teléfonos,MLA1051,PRODUCT
179,MLA22262934,18604,Motorola Moto E13 64gb 2gb Ram Azul Turquesa,67999.0,2023-03-14 23:02:54+00:00,Celulares y Teléfonos,MLA1051,PRODUCT
190,MLA20630314,11453,Moto G32 128gb 4 Gb Ram Gris ,97999.0,2022-12-12 23:27:18+00:00,Celulares y Teléfonos,MLA1051,PRODUCT
181,MLA22827333,11226,Samsung Galaxy A14 128gb 4gb Ram Negro,122999.0,2023-04-24 22:45:19+00:00,Celulares y Teléfonos,MLA1051,PRODUCT
192,MLA21361937,10105,Auriculares Inalámbricos Xiaomi Redmi Buds Essential Color Negro,13399.0,2023-01-26 22:11:24+00:00,Celulares y Teléfonos,MLA1051,PRODUCT
194,MLA18924350,9004,Xiaomi Redmi Note 11 (Snapdragon) Dual SIM 128 GB  gris grafito 4 GB RAM,132999.0,2022-02-07 18:21:08+00:00,Celulares y Teléfonos,MLA1051,PRODUCT
183,MLA22296824,8551,Celular Motorola Moto E13 64gb 2gb Ram Color Blanco,67999.0,2023-03-18 22:13:37+00:00,Celulares y Teléfonos,MLA1051,PRODUCT
180,MLA21433844,7967, Moto G72 128 GB  azul niágara 6 GB RAM,174999.0,2023-01-30 11:23:15+00:00,Celulares y Teléfonos,MLA1051,PRODUCT
198,MLA19878105,7790,Samsung Galaxy A04 64gb Color Negro,84999.0,2022-11-21 22:03:01+00:00,Celulares y Teléfonos,MLA1051,PRODUCT
191,MLA22592543,7591,Samsung Galaxy A14 128gb 4gb Ram Silver,106999.0,2023-04-14 23:39:05+00:00,Celulares y Teléfonos,MLA1051,PRODUCT
187,MLA1255215426,5500,Smart Watch Zl02d Reloj Inteligente Para Samsung Xiaomi Y +,19601.0,2022-11-22 18:17:44+00:00,Celulares y Teléfonos,MLA1051,ITEM
186,MLA22271351,4973, Moto G13 Dual SIM 128 GB  azul difuso 4 GB RAM,109999.0,2023-03-16 20:28:55+00:00,Celulares y Teléfonos,MLA1051,PRODUCT
196,MLA18924351,4774,Xiaomi Redmi Note 11 (Snapdragon) Dual SIM 128 GB  azul estelar 4 GB RAM,132999.0,2022-02-07 18:21:08+00:00,Celulares y Teléfonos,MLA1051,PRODUCT
197,MLA1376583785,500,Cargador Samsung Ultra Rapido Original 25w Cable Tipo C A C,14999.0,2023-07-10 22:07:01+00:00,Celulares y Teléfonos,MLA1051,ITEM
199,MLA16224063,644060,Auriculares Bluetooth In-Ear Gamer F9-5 Negro Inalámbricos,3493.0,2020-11-05 13:24:10+00:00,Computación,MLA1648,PRODUCT
202,MLA17978326,265262,Disco sólido interno Kingston SA400S37/480G 480GB negro,23049.0,2021-05-28 18:04:12+00:00,Computación,MLA1648,PRODUCT
200,MLA19035706,259092,Disco sólido interno Kingston SA400S37/240G 240GB negro,16184.0,2022-04-05 13:35:22+00:00,Computación,MLA1648,PRODUCT
210,MLA17360590,107140,"Monitor gamer Samsung F24T35 led 24"" azul y gris oscuro 100V/240V",89999.0,2021-02-04 20:22:35+00:00,Computación,MLA1648,PRODUCT
201,MLA19733102,95750,Auriculares in-ear gamer inalámbricos TWS F9-5 BTH-F9-5 negro,3523.0,2022-10-26 19:53:38+00:00,Computación,MLA1648,PRODUCT
213,MLA18610706,89992,Kit de teclado y mouse inalámbrico Logitech MK235 Español - Negro,22999.0,2021-11-11 19:19:34+00:00,Computación,MLA1648,PRODUCT
203,MLA12661607,78260,Disco sólido interno Kingston SA400S37/960G 960GB,36860.0,2018-11-12 20:35:05+00:00,Computación,MLA1648,PRODUCT
217,MLA707010339,50000,Cargador Universal Notebook Laptop Netbook Hp Toshiba Acer,5899.0,2018-02-09 23:27:13+00:00,Computación,MLA1648,ITEM
212,MLA18570748,42883,Memoria RAM Fury Beast DDR4 gamer color negro 8GB 1 Kingston KF432C16BB/8,19199.0,2021-10-26 12:54:03+00:00,Computación,MLA1648,PRODUCT
211,MLA19901624,20545,Pendrive Kingston Datatraveler Exodia M Dtxm/64 64gb Usb 3.2,3582.0,2022-11-29 21:37:34+00:00,Computación,MLA1648,PRODUCT
204,MLA19814719,10317,Disco Solido Ssd 1tb M.2 Kingston Snv2s/1000g Nvme Pcie 4.0,36443.0,2022-11-12 04:01:05+00:00,Computación,MLA1648,PRODUCT
208,MLA1140416399,7500,Filamento Pla 1.75mm 3n3 1kg Impresora 3d Colores | Icutech,5217.0,2022-06-02 19:25:45+00:00,Computación,MLA1648,ITEM
218,MLA19807863,6767,Kingston SNV2S/500G 500 GB - Azul,23229.98,2022-11-10 23:17:58+00:00,Computación,MLA1648,PRODUCT
209,MLA20878150,5970,Auriculares in-ear gamer inalámbricos Soundpeats Free2 Classic negro con luz LED,15809.0,2022-12-22 03:07:50+00:00,Computación,MLA1648,PRODUCT
207,MLA623746040,5000,Toner Alternativo Para 105a 107w 135w 1105a 107a 135a S/chip,11700.0,2016-06-11 18:54:46+00:00,Computación,MLA1648,ITEM
214,MLA616107124,5000,Resma Papel Brillo Autoadhesivo Sticker Calcomanias 100hs,11675.0,2016-04-11 14:44:00+00:00,Computación,MLA1648,ITEM
216,MLA615331086,5000,Toner Alternativo Para Brother Hl1212w 1617 1200 1212 Tn1060,5610.0,2016-04-04 22:41:31+00:00,Computación,MLA1648,ITEM
206,MLA1154161122,2150,Filamento Pla+ 1.75mm 3nmax 1kg Impresora 3d | Icutech,4760.0,2022-08-17 17:40:50+00:00,Computación,MLA1648,ITEM
220,MLA10295970,155144,Joystick inalámbrico Sony PlayStation Dualshock 3 negro,6999.0,2018-08-01 19:51:58+00:00,Consolas y Videojuegos,MLA1144,PRODUCT
223,MLA18638143,146240,Genérica F9 - Negro,3493.0,2021-12-07 14:51:47+00:00,Consolas y Videojuegos,MLA1144,PRODUCT
236,MLA6304615,103176,Grand Theft Auto V  Standard Edition Rockstar Games PS3 Digital,920.0,2017-01-23 17:31:29+00:00,Consolas y Videojuegos,MLA1144,PRODUCT
222,MLA9406415,101488,Auriculares gamer Kotion Each G9000 black y blue con luz LED,8000.0,2018-05-24 19:52:10+00:00,Consolas y Videojuegos,MLA1144,PRODUCT
231,MLA6304594,71218,Minecraft  Standard Edition Sony PS3 Digital,995.0,2017-01-23 17:31:27+00:00,Consolas y Videojuegos,MLA1144,PRODUCT
225,MLA9406416,32594,Auriculares gamer Kotion Each G9000 black y red con luz LED,8000.0,2018-05-24 19:52:10+00:00,Consolas y Videojuegos,MLA1144,PRODUCT
238,MLA14966925,22168,Joystick inalámbrico Sony PlayStation Dualshock 3 rojo,8457.0,2019-07-19 14:15:35+00:00,Consolas y Videojuegos,MLA1144,PRODUCT
232,MLA10295968,21676,Joystick inalámbrico Sony PlayStation Dualshock 3 metallic blue,8503.0,2018-08-01 19:51:57+00:00,Consolas y Videojuegos,MLA1144,PRODUCT
221,MLA19540150,19009,FIFA 23  Standard Edition Electronic Arts PS4 Físico,29520.0,2022-08-19 01:10:53+00:00,Consolas y Videojuegos,MLA1144,PRODUCT
227,MLA16268160,15032,Joystick inalámbrico Microsoft Xbox Wireless Controller Series X|S carbon black,63559.0,2020-11-20 14:20:12+00:00,Consolas y Videojuegos,MLA1144,PRODUCT
226,MLA18010993,12740,Joystick inal PS5 Sony DualSense CFI-ZCT1 midnight black,69000.0,2021-05-31 15:22:45+00:00,Consolas y Videojuegos,MLA1144,PRODUCT
224,MLA19540157,10738,FIFA 23  Standard Edition Electronic Arts PS4 Digital,9984.0,2022-08-19 01:10:54+00:00,Consolas y Videojuegos,MLA1144,PRODUCT
228,MLA18010994,10546,Joystick inalámbrico Sony PlayStation DualSense CFI-ZCT1 cosmic red,63999.0,2021-05-31 15:22:45+00:00,Consolas y Videojuegos,MLA1144,PRODUCT
237,MLA22743132,7891,Grand Theft Auto V  Premium Edition Rockstar Games PS4 Físico,23180.0,2023-04-19 20:58:15+00:00,Consolas y Videojuegos,MLA1144,PRODUCT
230,MLA15246354,7552,Plants vs. Zombies: Battle for Neighborville  Standard Edition Electronic Arts PS4 Físico,7999.0,2019-11-21 19:13:50+00:00,Consolas y Videojuegos,MLA1144,PRODUCT
219,MLA21212921,6932,Mando inalámbrico para consola de juegos - Color negro - Compatible con PS4,15900.0,2023-01-17 20:24:03+00:00,Consolas y Videojuegos,MLA1144,PRODUCT
229,MLA883071305,6500,Membrana Keypad Flex Botones Joystick Para Ps4 Todos Modelos,1750.87,2020-10-08 19:37:54+00:00,Consolas y Videojuegos,MLA1144,ITEM
233,MLA21646334,5519,Joystick Inalámbrico PS4 para  Sony PlayStation Dualshock 4 - Color Negro,20800.0,2023-02-06 05:06:24+00:00,Consolas y Videojuegos,MLA1144,PRODUCT
234,MLA878200436,5000,Repuesto Stick Analogico Control Joystick Original Para Ps4,2318.0,2020-09-11 20:47:50+00:00,Consolas y Videojuegos,MLA1144,ITEM
235,MLA22145213,1181,Joystick Ps4 Generico Inalámbrico + Cable De Carga,16999.0,2023-03-11 02:53:26+00:00,Consolas y Videojuegos,MLA1144,PRODUCT
239,MLA19687444,71768,Bomba presurizadora Femmto BP30L-9M 100W - 220V,29992.89,2022-10-12 18:27:51+00:00,Construcción,MLA1500,PRODUCT
246,MLA23521152,64276,Pintura Látex Interior Antihongos Cubritiva Polacrin 20 L,9999.0,2023-05-29 07:34:47+00:00,Construcción,MLA1500,PRODUCT
247,MLA23075589,56942,Extractor de aire Hydra HY-VF150A 150mm blanco 6 pulgadas,13199.0,2023-05-06 18:30:04+00:00,Construcción,MLA1500,PRODUCT
241,MLA8283526,55752,Grifo de cocina monocomando FV B1 Arizona 0411.01/B1  cromo,23500.0,2017-10-19 14:18:13+00:00,Construcción,MLA1500,PRODUCT
255,MLA23508739,54820,Extractor De Aire Baño Cocina Color Grafito 100mm,9974.05,2023-05-29 00:16:57+00:00,Construcción,MLA1500,PRODUCT
251,MLA14020709,53104,Bomba periférica periférica monofásica Fluvial Altura Nero 0.5hp color celeste 220V,22000.0,2019-02-15 20:54:26+00:00,Construcción,MLA1500,PRODUCT
242,MLA7984961,46410,FV B1 Arizona 0411.02/B1 - Cromo - Cromado,32225.0,2017-09-18 16:18:30+00:00,Construcción,MLA1500,PRODUCT
249,MLA19469183,41164,Bomba Presurizadora Centrifuga Femmto Elevadora Altura Presion 9 Metros Agua  Negro Bp30l-9m  Automatico O Manual 100w 2 Baños,29992.89,2022-07-20 22:02:30+00:00,Construcción,MLA1500,PRODUCT
248,MLA18620665,35540, Libercam Grifería RM-400 color plateada y acabado acero pulido,7999.0,2021-11-23 17:15:37+00:00,Construcción,MLA1500,PRODUCT
244,MLA19686540,20794,Bomba Presurizadora Vasser Pre1 9mts 1-2 Baños Accesorios,35977.93,2022-10-11 20:05:08+00:00,Construcción,MLA1500,PRODUCT
257,MLA18620667,19138, Libercam Baño RGRI-07 color plateada y acabado cromado,17499.0,2021-11-23 17:15:37+00:00,Construcción,MLA1500,PRODUCT
254,MLA21420410,6724,Ducha Cuadrada 20 X 20 Acero Inox. Flor De Baño Griferia !,2730.0,2023-01-29 11:29:02+00:00,Construcción,MLA1500,PRODUCT
243,MLA912291979,5000,Interruptor Inteligente Wifi 433mhz Domotica Smart Demasled,5933.84,2021-03-17 15:33:22+00:00,Construcción,MLA1500,ITEM
245,MLA919314419,5000,Bomba Presurizadora Agua Termotanque Calefon 2 Baños 30l/min,41700.0,2021-05-05 21:00:56+00:00,Construcción,MLA1500,ITEM
253,MLA844127952,5000,"Duchador De Mano Cromado + Soporte + Flexible 1,50 Metros ",3149.1,2020-03-16 18:35:35+00:00,Construcción,MLA1500,ITEM
258,MLA612385008,5000,Pintura Latex Interior Casablanca Pro X 20 Lts - Sagitario,25400.0,2016-03-18 22:44:28+00:00,Construcción,MLA1500,ITEM
250,MLA20020636,4648,Bomba Periférica De Agua Elevadora 18 M 1/2 Hp 370w Energy,18222.0,2022-12-07 13:49:40+00:00,Construcción,MLA1500,PRODUCT
256,MLA865336823,4400,Lija Al Agua Pack X 10 Unidades Grano 60 A 320 Sinteplast Mm,1414.0,2020-06-30 17:22:08+00:00,Construcción,MLA1500,ITEM
240,MLA22607099,3206,Bomba Periférica 1/2 Hp Energy P12/25 18m,17990.0,2023-04-15 17:37:42+00:00,Construcción,MLA1500,PRODUCT
252,MLA1230811683,500,Timer Mecanico Reloj Programable Sica Enchufable 10a,4845.0,2022-11-08 18:34:40+00:00,Construcción,MLA1500,ITEM
159,MLA15703578,121198,Tarjeta de memoria Kingston SDCS2  Canvas Select Plus con adaptador SD 64GB,3864.99,2020-04-30 18:29:23+00:00,Cámaras y Accesorios,MLA1039,PRODUCT
165,MLA15233711,49118,Xerox Phaser 3020/BI - Blanco/Azul - 220V - 240V,109999.0,2019-11-11 19:27:39+00:00,Cámaras y Accesorios,MLA1039,PRODUCT
162,MLA15161567,40248,Micrófono SF 666 condensador  omnidireccional negro,3871.0,2019-09-27 21:01:15+00:00,Cámaras y Accesorios,MLA1039,PRODUCT
161,MLA8859356,40036,Tarjeta de memoria SanDisk SDSQUNS-064G-GN3MA  Ultra con adaptador SD 64GB,4850.0,2018-01-17 12:31:30+00:00,Cámaras y Accesorios,MLA1039,PRODUCT
169,MLA11547168,14547,Tarjeta de memoria SanDisk SDSQXCY-064G-GN6MA  Extreme Pro con adaptador SD 64GB,15426.0,2018-09-28 20:37:50+00:00,Cámaras y Accesorios,MLA1039,PRODUCT
170,MLA11547167,9843,Tarjeta de memoria SanDisk SDSQXCD-128G-GN6MA  Extreme Pro 128GB,24999.0,2018-09-28 20:37:50+00:00,Cámaras y Accesorios,MLA1039,PRODUCT
175,MLA16212672,9587,Tarjeta de memoria SanDisk SDSQXA2-064G-GN6MN  Extreme 64GB,11388.0,2020-10-30 21:03:04+00:00,Cámaras y Accesorios,MLA1039,PRODUCT
166,MLA15698717,7612,Cámara de video Gadnic Extreme 10 4K MCDEP010 NTSC/PAL gris,48099.0,2020-04-27 12:50:28+00:00,Cámaras y Accesorios,MLA1039,PRODUCT
167,MLA17972659,7480, Gadnic CK32 CAMKID1X compacta color  rosa ,16399.0,2021-05-26 15:18:41+00:00,Cámaras y Accesorios,MLA1039,PRODUCT
160,MLA815795624,5000,Trípode Celular Camara Plegable Aluminio Telescopico 3110,4199.0,2019-09-19 18:45:15+00:00,Cámaras y Accesorios,MLA1039,ITEM
164,MLA14128844,2521,Tarjeta de memoria Lexar LSDMI128BB-633A  High-Performance 633x con adaptador SD 128GB,9924.05,2019-02-28 15:18:38+00:00,Cámaras y Accesorios,MLA1039,PRODUCT
163,MLA22935572,1516,Cámara Compacta De Fotos Infantil 12mpx 1080p + Memoria 32gb,14699.0,2023-04-28 21:22:08+00:00,Cámaras y Accesorios,MLA1039,PRODUCT
168,MLA22339984,1128, Electroland Mini cámara X200 compacta color  rosa ,11999.0,2023-03-23 12:46:58+00:00,Cámaras y Accesorios,MLA1039,PRODUCT
173,MLA904937043,1000,Palo Bastón Selfie Control Bluetooth Y Trípode Para Celular,6450.5,2021-01-20 14:21:47+00:00,Cámaras y Accesorios,MLA1039,ITEM
171,MLA1133877904,500,Microscopio Lupa Aumento 60x Luz Led Y Uv Billetes Falsos,2599.0,2022-04-25 22:59:30+00:00,Cámaras y Accesorios,MLA1039,ITEM
174,MLA1104560283,500,Microscopio  Digital Usb Portatil 1600x Zoom Hd Led Soporte,17029.0,2021-09-22 16:42:00+00:00,Cámaras y Accesorios,MLA1039,ITEM
176,MLA908002957,500,Rollo Film Fujifilm Pack 20 Fotos Instax Mini 11 Oficial,16999.15,2021-02-11 15:12:51+00:00,Cámaras y Accesorios,MLA1039,ITEM
177,MLA629983603,500,Monocular Wildstec 16 X 52 Original Hd Profesional Promocion,7799.0,2016-08-03 15:27:45+00:00,Cámaras y Accesorios,MLA1039,ITEM
178,MLA883032632,500,Tripode Fotografica Iluminacion Camara Plegable 2mts Celular,4743.2,2020-10-08 16:39:38+00:00,Cámaras y Accesorios,MLA1039,ITEM
172,MLA1204876086,250,Tripode Fotografia Video Celular Camara Plegable Aluminio ,4465.37,2022-10-20 22:48:28+00:00,Cámaras y Accesorios,MLA1039,ITEM
266,MLA15297106,170052,Termo Lumilagro Luminox de acero inoxidable 1L acero,19000.0,2019-12-19 14:47:16+00:00,Deportes y Fitness,MLA1276,PRODUCT
260,MLA18535197,116726,Suplemento en polvo Star Nutrition  Creatine Monohydrate creatina en pote de 300g,16365.0,2021-10-12 16:33:48+00:00,Deportes y Fitness,MLA1276,PRODUCT
269,MLA18623215,84086,Suplemento en polvo Hardcore Nutrition  Creatina sabor frutilla en sachet de 1kg,5700.0,2021-11-24 14:50:52+00:00,Deportes y Fitness,MLA1276,PRODUCT
263,MLA14287435,78628,Suplemento en polvo ENA Sport  True Made proteínas sabor vanilla ice cream en pote de 930g,11680.0,2019-03-22 19:49:34+00:00,Deportes y Fitness,MLA1276,PRODUCT
262,MLA18907230,71592,Suplemento en polvo ENA Sport Creatina Micronizada 300g sabor neutro en Doypack,16500.0,2022-01-25 15:12:18+00:00,Deportes y Fitness,MLA1276,PRODUCT
261,MLA14287437,67042,Suplemento en polvo ENA Sport  True Made proteínas sabor double rich chocolate en pote de 930g,11686.0,2019-03-22 19:49:34+00:00,Deportes y Fitness,MLA1276,PRODUCT
267,MLA14287436,62428,Suplemento en polvo ENA Sport  True Made proteínas sabor cookies & cream en pote de 930g,11680.0,2019-03-22 19:49:34+00:00,Deportes y Fitness,MLA1276,PRODUCT
270,MLA18444641,48734,TRB Pharma Magnesio Ultraflex Magnesio Polvo - Lata - Naranja - Unidad - 1 - 420 g,9511.0,2021-09-10 18:05:32+00:00,Deportes y Fitness,MLA1276,PRODUCT
272,MLA21349641,45084,Linterna Led Tactica Spica X4 Recargable Usb Luz Blanca Color De La Linterna Negro Color De La Luz Blanco,1999.0,2023-01-25 17:35:06+00:00,Deportes y Fitness,MLA1276,PRODUCT
265,MLA14178541,43998,Abbott Carbohidratos Ensure Advance Polvo - Lata - Vainilla - Unidad - 1 - 850 g - 850 g,12802.87,2019-03-12 14:49:55+00:00,Deportes y Fitness,MLA1276,PRODUCT
268,MLA19545810,39822,Magnesio Natier X50 Capsulas Sin Sabor,5400.0,2022-08-19 23:05:49+00:00,Deportes y Fitness,MLA1276,PRODUCT
259,MLA13283558,37778,Suplemento en polvo Star Nutrition  Creatina 100% Pura en pote de 300g,16364.0,2018-12-11 20:05:01+00:00,Deportes y Fitness,MLA1276,PRODUCT
271,MLA19544897,9050,Suplemento En Polvo Star Nutrition Whey Protein Proteínas Sabor Chocolate En Bolsa De 908g,9990.0,2022-08-19 23:05:21+00:00,Deportes y Fitness,MLA1276,PRODUCT
275,MLA934848082,4000,Zapatilla Deportiva Topper Mamba Full Negra Unisex1,21000.0,2021-08-18 17:41:28+00:00,Deportes y Fitness,MLA1276,ITEM
274,MLA1160380784,3400,Zapatillas Futbol 5 Botines Hombre  Niño Niñas Papi Futbol,6200.0,2022-08-30 18:35:17+00:00,Deportes y Fitness,MLA1276,ITEM
276,MLA795312113,2882,Medias Térmicas Sox ® Ski / Snowboard Tecnologia In-flex Frio Nieve Original,3295.0,2019-06-26 18:15:39+00:00,Deportes y Fitness,MLA1276,ITEM
277,MLA636233361,2250,Whey Protein 2 Lb + Creatina 300 Gr Star Nutrition,27038.12,2016-09-23 20:22:35+00:00,Deportes y Fitness,MLA1276,ITEM
273,MLA19157222,2050,Topper Strong Pace III Hombre Adultos,18990.0,2022-06-14 19:57:14+00:00,Deportes y Fitness,MLA1276,PRODUCT
278,MLA1381682096,500,Mesa Picnic Plastica Portable 180cm Playa Pesca Gardenlife,41993.0,2023-03-28 14:33:08+00:00,Deportes y Fitness,MLA1276,ITEM
298,MLA19446059,49330,Calefactor Electrico Convector Exahome C1009 220v Blanco,14391.0,2022-07-08 22:03:15+00:00,Electrodomésticos y Aires Ac.,MLA5726,PRODUCT
296,MLA21239613,46843,Balanza Electronica Digital De Cocina A Pilas 1gr Hasta 10 Kg,3524.0,2023-01-18 12:52:50+00:00,Electrodomésticos y Aires Ac.,MLA5726,PRODUCT
280,MLA16113594,43784,Licuadora Peabody PE-LN601 1.5 L negra con jarra de plástico 220V,19490.0,2020-09-24 16:02:37+00:00,Electrodomésticos y Aires Ac.,MLA5726,PRODUCT
281,MLA19850022,41982,Balanza Alimentos Cocina Digital Hasta 10 Kg Alta Precision Color Blanco,3799.0,2022-11-17 03:01:42+00:00,Electrodomésticos y Aires Ac.,MLA5726,PRODUCT
293,MLA19875977,24466,Dispenser De Agua Portatil Usb Bomba Dispensador Bidones,3899.0,2022-11-21 21:42:59+00:00,Electrodomésticos y Aires Ac.,MLA5726,PRODUCT
288,MLA17423717,23452,Batidora de pie Tedge SM-1521 negra 220 V - 240 V,76481.0,2021-03-01 15:54:39+00:00,Electrodomésticos y Aires Ac.,MLA5726,PRODUCT
287,MLA19479632,21974,Tostadora Black+decker Tr200 Blanca 220v,17500.0,2022-07-28 19:32:37+00:00,Electrodomésticos y Aires Ac.,MLA5726,PRODUCT
297,MLA791696367,20000,Mini Licuadora Portatil Autolimpiante Usb 380ml 4 Hojas,6499.0,2019-06-10 14:09:21+00:00,Electrodomésticos y Aires Ac.,MLA5726,ITEM
289,MLA15705811,16970,Moulinex Nescafé Cafetera Dolce Gusto Piccolo XS - Black - 220V,68250.0,2020-05-04 14:49:47+00:00,Electrodomésticos y Aires Ac.,MLA5726,PRODUCT
291,MLA15940360,13426,Horno de mesa eléctrico BGH BHE17M20 16L negro 220V-240V,39999.0,2020-07-22 19:05:53+00:00,Electrodomésticos y Aires Ac.,MLA5726,PRODUCT
285,MLA19446114,10288,Nebulizador A Piston Femmto Bc-68001 Silencioso Adulto Y Pediatrico Blanco,20899.0,2022-07-08 22:03:29+00:00,Electrodomésticos y Aires Ac.,MLA5726,PRODUCT
282,MLA19742639,6343,Philco Pe1821npp Pava Eléctrica C/ Regulador De Temperatura,20399.0,2022-10-27 21:08:55+00:00,Electrodomésticos y Aires Ac.,MLA5726,PRODUCT
294,MLA19712293,5746,Atma Lm8527ap Licuadora De Mano Mixer Batidora Varilla Metal,22999.0,2022-10-25 13:03:11+00:00,Electrodomésticos y Aires Ac.,MLA5726,PRODUCT
284,MLA19888818,4786,Atma Gs2200pi Vaporizador De Prendas Plancha Vertical,27999.0,2022-11-25 00:22:20+00:00,Electrodomésticos y Aires Ac.,MLA5726,PRODUCT
286,MLA17435388,4480,Heladera no frost Philco 94PHSB555XT plateada con freezer 555L 220V,649999.0,2021-03-04 20:16:55+00:00,Electrodomésticos y Aires Ac.,MLA5726,PRODUCT
283,MLA22938752,2882,Pava Eléctrica Sansei Pe1821bp Selector De Temperatura 1.7l,14399.0,2023-04-28 22:45:23+00:00,Electrodomésticos y Aires Ac.,MLA5726,PRODUCT
292,MLA20027461,2035,Pava Eléctrica Atma Peatw21wp 1.7lts Línea Nórdica,24399.0,2022-12-07 13:53:08+00:00,Electrodomésticos y Aires Ac.,MLA5726,PRODUCT
295,MLA22485535,1905,Waflera Sandwichera Atma Disney 2 En 1 Ws027drn,29499.0,2023-04-04 22:32:13+00:00,Electrodomésticos y Aires Ac.,MLA5726,PRODUCT
290,MLA1100029764,500,Yogurtera Con 7 Vasos Vidrio 160 Ml Yogurt Daewoo Dym-650,21269.0,2021-07-07 14:19:52+00:00,Electrodomésticos y Aires Ac.,MLA5726,ITEM
306,MLA18592846,142492,Auriculares in-ear inalámbricos A6S negro,3399.0,2021-11-02 13:36:50+00:00,"Electrónica, Audio y Video",MLA1000,PRODUCT
315,MLA16220264,113056,"Soporte Electroland SOP 14-55 de pared para TV/Monitor de 14"" a 55"" negro",5999.2,2020-11-04 13:33:17+00:00,"Electrónica, Audio y Video",MLA1000,PRODUCT
305,MLA17546621,80262,Shenzhen Yihaotong Technology Genérica Bluetooth F9-5 - Blanco,3611.0,2021-03-30 15:02:10+00:00,"Electrónica, Audio y Video",MLA1000,PRODUCT
318,MLA19835705,56816,Soporte Tv Led Lcd Plasma 26 30 32 40 42 46 50 55 Color Negro,3699.0,2022-11-16 21:05:08+00:00,"Electrónica, Audio y Video",MLA1000,PRODUCT
311,MLA19470849,52524,Soporte Para Tv Libercam Lc-03 Smart Movil Brazo Articulado 14 A 55 Pulgada Negro,6850.0,2022-07-22 22:02:46+00:00,"Electrónica, Audio y Video",MLA1000,PRODUCT
317,MLA16141858,46258,Pila AA Energizer MAX E91 Cilíndrica - pack de 20 unidades,5699.0,2020-10-05 15:39:10+00:00,"Electrónica, Audio y Video",MLA1000,PRODUCT
310,MLA18502601,46038,Soporte TV/Monitor Force L40-222 - Negro,8699.0,2021-09-29 13:01:22+00:00,"Electrónica, Audio y Video",MLA1000,PRODUCT
302,MLA21237756,24827,Chromecast Google Tv Hd 8gb 2gb RAM 60 Fps Wifi Bluetooth Hdmi 4ta Gen Blanco,39990.0,2023-01-18 12:25:28+00:00,"Electrónica, Audio y Video",MLA1000,PRODUCT
303,MLA19480442,24149,Auriculares in-ear inalámbricos Bluetooth F9-5 rosa,3400.0,2022-07-29 01:16:19+00:00,"Electrónica, Audio y Video",MLA1000,PRODUCT
304,MLA19870097,22352,Auriculares F95  In-ear Inalámbricos Alpina Powerbank ,6990.0,2022-11-19 21:41:23+00:00,"Electrónica, Audio y Video",MLA1000,PRODUCT
309,MLA19469208,19524,Smart Tv 32¨ Philips Android Hd 32phd6917/77 + Bluetooth,107999.0,2022-07-20 22:02:37+00:00,"Electrónica, Audio y Video",MLA1000,PRODUCT
316,MLA20012630,5307,Auriculares Inalámbricos Noblex Hp350bt Bluetooth 5.0,16836.0,2022-12-07 13:45:03+00:00,"Electrónica, Audio y Video",MLA1000,PRODUCT
301,MLA1172498468,5000,Auriculares Bluetooth M10 Pro Superior F9-5 Carga Celu,4891.0,2022-09-20 17:54:09+00:00,"Electrónica, Audio y Video",MLA1000,ITEM
307,MLA1379549590,5000,Auricular Inalambrico Tws F9-5 Plus Fanpro Gamer Modelo 2023,3685.0,2023-03-24 21:33:30+00:00,"Electrónica, Audio y Video",MLA1000,ITEM
319,MLA6067073,159296,Amoladora Angular Black+Decker G720n Naranja 820 W 220 V,23190.0,2015-08-03 16:17:46+00:00,Herramientas,MLA407134,PRODUCT
323,MLA6066998,67098,Amoladora angular Skil Esmerilhareida Angular F0129002AL de 50 Hz/60 Hz color negro 700 W 220 V + accesorio,17990.0,2015-08-03 16:17:35+00:00,Herramientas,MLA407134,PRODUCT
332,MLA15733608,45066,Amoladora angular Philco AA711 color verde 710 W 220 V + accesorio,17249.0,2020-05-20 17:27:20+00:00,Herramientas,MLA407134,PRODUCT
324,MLA10066694,30908,Sierra circular eléctrica Skil 5402 184mm 1400W negra y roja 50Hz/60Hz 220V,36500.5,2018-07-18 21:13:40+00:00,Herramientas,MLA407134,PRODUCT
321,MLA15051059,28454,Sierra circular eléctrica Skil 5200 184mm 1200W negra y roja 50Hz/60Hz 220V,35999.0,2019-08-09 19:59:19+00:00,Herramientas,MLA407134,PRODUCT
331,MLA15567404,20988,Taladro percutor atornillador eléctrico de 13mm Gamma G1904K 710W + accesorios con maletín de transporte 220V 50Hz,29990.0,2020-04-01 22:31:49+00:00,Herramientas,MLA407134,PRODUCT
330,MLA19695353,20266,Philco Sk353 - 220V,16699.0,2022-10-18 18:47:08+00:00,Herramientas,MLA407134,PRODUCT
326,MLA23577605,17179,Engrapadora Clavadora Profesional 3 En 1 Hamilton Pepkit C/ Maletin,12387.0,2023-05-31 18:20:50+00:00,Herramientas,MLA407134,PRODUCT
322,MLA15805438,16630,Taladro percutor atornillador eléctrico de 10mm Gamma G1905K 650W + accesorios con maletín de transporte 220V 50Hz,26599.0,2020-06-22 21:53:53+00:00,Herramientas,MLA407134,PRODUCT
329,MLA18280080,13368,Hidrolavadora eléctrica Silverfox SMJPHI117 naranja y negra de 1400W con 105bar de presión máxima 220V - 50Hz,34999.0,2021-07-15 12:52:44+00:00,Herramientas,MLA407134,PRODUCT
333,MLA15829516,7746,Taladro percutor eléctrico de 10mm Gamma G1905 650W + accesorio 220V 60Hz,14770.0,2020-07-01 15:45:59+00:00,Herramientas,MLA407134,PRODUCT
325,MLA9300629,7262,Hidrolavadora eléctrica Gamma Máquinas 100 Blue Line G2508AR turquesa de 1200W con 90bar de presión máxima 220V,36500.0,2018-05-08 20:30:27+00:00,Herramientas,MLA407134,PRODUCT
320,MLA1432580188,5000,Taladro Atornillador Percutor + 2 Baterias Gp By Lusqtoff,36996.0,2023-06-14 02:28:35+00:00,Herramientas,MLA407134,ITEM
327,MLA929698613,5000,Set Juego De Tubos Llaves Criquet Y Puntas 46 Piezas,9999.0,2021-07-16 13:24:49+00:00,Herramientas,MLA407134,ITEM
334,MLA20543679,2322,Taladro Atornillador Percutor Lusqtoff Lta750 750w 3000rpm,26700.0,2022-12-10 01:00:44+00:00,Herramientas,MLA407134,PRODUCT
328,MLA22625842,1609,Discos De Corte Abrasivos 115mm X 1mm Lata X50 U. Hamilton,9886.72,2023-04-17 01:16:44+00:00,Herramientas,MLA407134,PRODUCT
338,MLA22844568,1195,Pistola De Calor Profesional 2 Temp 2000w 2 Boquillas,15999.0,2023-04-26 12:28:35+00:00,Herramientas,MLA407134,PRODUCT
336,MLA1128933837,500,Medidor De Ph Agua Peachimetro Digital Phmetro Acuario,3899.0,2022-03-23 20:30:04+00:00,Herramientas,MLA407134,ITEM
337,MLA1465265738,250,Rotomartillo Taladro Percutor 800w Sds Plus 24mm 2.5 J + Acc,27755.0,2023-08-03 02:44:27+00:00,Herramientas,MLA407134,ITEM
344,MLA16009102,88178,Papel higiénico Higienol MAX simple 80 m pack de 4,1496.0,2020-08-13 15:50:14+00:00,"Hogar, Muebles y Jardín",MLA1574,PRODUCT
352,MLA18432235,87508,Grifo de cocina monocomando Libercam Rm 300  plateado acabado cromado,8099.0,2021-09-08 13:38:12+00:00,"Hogar, Muebles y Jardín",MLA1574,PRODUCT
345,MLA18635106,68180,Cámara de seguridad Gadnic P2P00009 SX9 con resolución de 2MP visión nocturna incluida blanca ,29999.0,2021-12-03 19:57:00+00:00,"Hogar, Muebles y Jardín",MLA1574,PRODUCT
341,MLA19638753,67073,Jabón Líquido Para Diluir Skip Bio-enzimas Tecnologia Superior En Limpieza Y Cuidado 500 Ml,1942.0,2022-09-27 22:03:33+00:00,"Hogar, Muebles y Jardín",MLA1574,PRODUCT
339,MLA16060760,50132,Silla de escritorio Baires4 Ejecutiva mesh  negra con tapizado de mesh y cuero sintético,39300.0,2020-09-02 18:04:42+00:00,"Hogar, Muebles y Jardín",MLA1574,PRODUCT
340,MLA912468361,50000,"Tira Luces Led 5050 Rgb, Kit Completo,control Y Fuente",5979.08,2021-03-18 17:02:26+00:00,"Hogar, Muebles y Jardín",MLA1574,ITEM
348,MLA700133917,47500,Juego De Cortinas Blackout Textil Presillas Ocultas Oferta!,15799.0,2018-01-03 03:15:00+00:00,"Hogar, Muebles y Jardín",MLA1574,ITEM
356,MLA23159642,22552,Reflector Led 100w Exterior Alta Potencia 96 Led Ip65 Frio Color de la carcasa Negro Color de la luz Blanco frío,5399.0,2023-05-11 03:41:41+00:00,"Hogar, Muebles y Jardín",MLA1574,PRODUCT
357,MLA16113646,20682,Silla de escritorio DeSillas Darwin ergonómica  negra con tapizado de mesh,39064.0,2020-09-24 16:06:04+00:00,"Hogar, Muebles y Jardín",MLA1574,PRODUCT
343,MLA21319314,20480,Lámpara Luz Inteligente Smart Multicolor Alexa Google Home,3680.0,2023-01-24 21:38:02+00:00,"Hogar, Muebles y Jardín",MLA1574,PRODUCT
351,MLA860876945,9150,"Cortina De Ambiente 2,30 Ancho X 1,90 Largo Microfibra",3799.05,2020-06-08 01:39:36+00:00,"Hogar, Muebles y Jardín",MLA1574,ITEM
349,MLA18533622,8074,Sommier Simmons BackCare Hotel Bilt 2 plazas de 190cmx140cm  negro y blanco,201988.4,2021-10-12 14:07:22+00:00,"Hogar, Muebles y Jardín",MLA1574,PRODUCT
342,MLA857102339,5150,Balde Mopa Centrifugo Lampazo Escurridor Trapeador En Gratis,8990.0,2020-05-22 01:11:14+00:00,"Hogar, Muebles y Jardín",MLA1574,ITEM
347,MLA1121556829,5000,Kit Tira Luz Led Rgb 3m Tv Pc Control Remoto Exterior Tuning,3869.14,2022-02-01 11:37:11+00:00,"Hogar, Muebles y Jardín",MLA1574,ITEM
350,MLA618304618,5000,Tender Con Alas Plegable Tendedero Ropa Exahome ,7980.6,2016-04-28 16:37:00+00:00,"Hogar, Muebles y Jardín",MLA1574,ITEM
355,MLA20670190,4377,Trapeador Mopa Rociador Spray 400ml Lusqtoff Msl400-8,12737.0,2022-12-14 05:28:46+00:00,"Hogar, Muebles y Jardín",MLA1574,PRODUCT
354,MLA1119111954,2000,Griferia De Cocina Canilla Monocomando Lavatorio Cuello Goma,16999.0,2022-01-12 14:15:12+00:00,"Hogar, Muebles y Jardín",MLA1574,ITEM
358,MLA1418706080,500,Astronauta Proyector Galaxia Estrellas Lampara Luz ,23923.91,2023-05-17 15:25:06+00:00,"Hogar, Muebles y Jardín",MLA1574,ITEM
376,MLA15469413,13866,Hasar L-HAS-9010 - 3V - 5V - Negro - USB (Incluye: Incluye soporte),26900.0,2020-02-11 13:17:11+00:00,Industrias y Oficinas,MLA1499,PRODUCT
362,MLA857184813,13215,Pantalon Pampero Cargo De Trabajo Reforzado,20899.05,2020-05-22 14:09:46+00:00,Industrias y Oficinas,MLA1499,ITEM
365,MLA19469551,7582,Aspiradora Atma AS9121PI 2000W 2 L - Morado/Plateado - 220V,63999.0,2022-07-21 15:24:55+00:00,Industrias y Oficinas,MLA1499,PRODUCT
366,MLA911467079,5200,100 Pulseras Tyvek Lisas Sin Impresion,1999.0,2021-03-11 16:35:59+00:00,Industrias y Oficinas,MLA1499,ITEM
359,MLA862812830,5000,Cinta De Embalar Transparente 48x100 Autoadhesiva Pack X36u,25412.0,2020-06-17 18:05:34+00:00,Industrias y Oficinas,MLA1499,ITEM
368,MLA879370450,5000,Rollos Gofrados  Envasadora Turbosaver 2 U 22cmx5mts En Pack,5549.0,2020-09-18 13:14:06+00:00,Industrias y Oficinas,MLA1499,ITEM
369,MLA847892878,5000,Kit Oficial Para Código Qr De Mercado Pago,199.0,2020-04-07 19:54:27+00:00,Industrias y Oficinas,MLA1499,ITEM
374,MLA630939776,5000,Contadora De Billetes Máquina Cuenta Dinero Detector Falsos,64999.0,2016-08-11 20:50:46+00:00,Industrias y Oficinas,MLA1499,ITEM
371,MLA1366541832,2926,Pantalón Pampero Cargo Ripstop Antidesgarro - Uso Intensivo,25900.0,2023-03-08 04:00:24+00:00,Industrias y Oficinas,MLA1499,ITEM
364,MLA1310539380,2775,Botines De Seguridad 249 Ice Pampero Con Puntera De Acero,21764.4,2023-01-13 12:04:49+00:00,Industrias y Oficinas,MLA1499,ITEM
373,MLA1361556647,1985,Zapato Seguridad Grafa 70 Con Puntera De Acero Botín Calzado,22900.0,2023-03-06 19:49:22+00:00,Industrias y Oficinas,MLA1499,ITEM
377,MLA853619214,1702,Vinilo Termotransferible Textil Duracal 1.00x0.50  (polgraf),4100.0,2020-05-06 13:02:05+00:00,Industrias y Oficinas,MLA1499,ITEM
361,MLA903234622,500,Mercado Pago Point Smart Chip 4gb Celular + Impresora Posnet,8499.0,2021-01-05 21:23:02+00:00,Industrias y Oficinas,MLA1499,ITEM
363,MLA1375948496,500,Mini Balanza Portatil Pocket Scale Digital 0.1 A 200gramos,2999.0,2023-03-20 15:52:46+00:00,Industrias y Oficinas,MLA1499,ITEM
367,MLA1132594858,500,Rollo De Plastico Con Burbuja Pluribol De 50 Cm X 50 Mts,3863.0,2022-04-18 16:07:37+00:00,Industrias y Oficinas,MLA1499,ITEM
370,MLA1125132128,500,Argolla Sin Fin + Cadena X 100 Unidades Art 4110,4999.0,2022-02-25 18:41:49+00:00,Industrias y Oficinas,MLA1499,ITEM
372,MLA1166099500,500,Contadora De Billetes Maquina Contar Daewoo Pesos Dólares  ,52775.0,2022-09-10 21:58:31+00:00,Industrias y Oficinas,MLA1499,ITEM
378,MLA862809222,500,Cinta De Embalaje Transparente48x100 Autoadhesiva Pack X 6u ,4338.0,2020-06-17 17:46:47+00:00,Industrias y Oficinas,MLA1499,ITEM
375,MLA1379623167,250,Perchero Movil Doble Barral Metalico Exhibidor 150x110 !!,24749.25,2023-07-25 16:35:07+00:00,Industrias y Oficinas,MLA1499,ITEM
380,MLA21690292,13313,Encordado Ernie Ball 010 Guitarra Eléctrica 2221 Slinky Cuer,6796.85,2023-02-09 23:41:40+00:00,Instrumentos Musicales,MLA1182,PRODUCT
381,MLA698172847,6025,Soporte Para Micrófono Brazo Estudio Condenser Profesional,7499.99,2017-12-19 21:48:37+00:00,Instrumentos Musicales,MLA1182,ITEM
386,MLA16930069,5726,"Micrófonos SKP Pro Audio UHF-300D dinámico, de mano  cardiode negros",72400.0,2020-12-22 16:14:29+00:00,Instrumentos Musicales,MLA1182,PRODUCT
382,MLA22432100,5642,Cable Canon Canon Xlr /xlr  Ross - 6 Metros,6460.0,2023-03-30 11:37:21+00:00,Instrumentos Musicales,MLA1182,PRODUCT
383,MLA793205564,4500,Ukelele De Madera Soprano Con Funda Manual Y Lecciones,15979.0,2019-06-18 20:55:01+00:00,Instrumentos Musicales,MLA1182,ITEM
397,MLA21522883,4001,Cable Ross Plug Plug 6 Metros Cp-pp-6m Guitarra,4171.0,2023-01-31 20:52:08+00:00,Instrumentos Musicales,MLA1182,PRODUCT
390,MLA18302793,3444,Shure SV200-W - Negro,25066.0,2021-07-19 18:15:49+00:00,Instrumentos Musicales,MLA1182,PRODUCT
396,MLA18706642,2120,Teclado Organo Electronico Musical Instrumento 54 Teclas Color Gris,52999.0,2021-12-21 22:02:41+00:00,Instrumentos Musicales,MLA1182,PRODUCT
384,MLA21674231,2047,Encordado Cuerdas Guitarra Criolla Clásica Magma  ,3820.97,2023-02-07 23:46:02+00:00,Instrumentos Musicales,MLA1182,PRODUCT
394,MLA681242961,1250,Ukelele Soprano Alabama Uks-10 Colores Con Funda  - Oddity,19110.77,2017-09-01 18:34:12+00:00,Instrumentos Musicales,MLA1182,ITEM
387,MLA625837232,1105,Guitarra Electrocriolla C/ Corte Acustica Funda Pua Colores,34199.0,2016-06-29 22:56:41+00:00,Instrumentos Musicales,MLA1182,ITEM
392,MLA1114715322,1000,Palillos Batería Baquetas Sambys Std 5a 5b Punta Madera,2599.0,2021-12-03 22:54:29+00:00,Instrumentos Musicales,MLA1182,ITEM
385,MLA22276983,533,Controlador Midi Usb Arturia Minilab 3 ,92410.59,2023-03-17 18:09:00+00:00,Instrumentos Musicales,MLA1182,PRODUCT
388,MLA22762718,507,Teclado Organo 5 Octavas Adultos Niños Musical Piano Teclas,85999.0,2023-04-20 14:00:55+00:00,Instrumentos Musicales,MLA1182,PRODUCT
389,MLA869682838,500,Funda Para Guitarra Criolla Clasica Acolchada Impermeable,11508.0,2020-07-23 14:00:10+00:00,Instrumentos Musicales,MLA1182,ITEM
391,MLA731227277,500,Atril Partitura Plegable Con Funda.,7690.0,2018-06-12 20:06:42+00:00,Instrumentos Musicales,MLA1182,ITEM
393,MLA900057263,500,Soporte Pared Guitarra Electrica Criolla Bajo C/ Tarugo 10mm,1216.0,2020-12-05 17:32:06+00:00,Instrumentos Musicales,MLA1182,ITEM
395,MLA785714880,500,Cuerdas Guitarra Criolla Campana Encordado Nylon Plata,3990.0,2019-05-10 16:39:20+00:00,Instrumentos Musicales,MLA1182,ITEM
398,MLA776907207,500,Capotraste Capodastro Transporte Resistente Excelente Calidad Ideal Para Ukelele Y Todo Tipo De Guitarras,5131.76,2019-03-21 13:51:19+00:00,Instrumentos Musicales,MLA1182,ITEM
403,MLA17369380,29546,"Reloj pulsera Casio Vintage A-158 de cuerpo color plateado, digital, fondo gris, con correa de acero inoxidable color plateado, dial negro, minutero/segundero negro, bisel color plateado, luz verde y ",35876.72,2021-02-10 20:31:05+00:00,Joyas y Relojes,MLA3937,PRODUCT
404,MLA17232987,18254,"Smartwatch Amazfit Bands Band 5 Sport 1.1"" caja 47.2mm de  policarbonato  negra, malla  midnight black de  tpu y bisel  negro de  plástico A2005",20698.85,2021-01-12 17:13:23+00:00,Joyas y Relojes,MLA3937,PRODUCT
411,MLA871060556,5700,Reloj De Pared Moderno Minimalista Grande Clásico Quartz ,5499.0,2020-07-31 14:30:58+00:00,Joyas y Relojes,MLA3937,ITEM
402,MLA905089271,5000,Reloj Despertador Luz Led Rgb Pantalla Alarma Temperatura,2699.0,2021-01-21 15:46:26+00:00,Joyas y Relojes,MLA3937,ITEM
415,MLA929984758,4047,Aros Hombre Aritos Piercing Argollas Acero Quirúrgico Dorado,940.5,2021-07-18 18:52:27+00:00,Joyas y Relojes,MLA3937,ITEM
401,MLA1145291076,2975,Reloj Pulsera Táctil Digital Led Silicona Para Niños Y Niñas,1999.0,2022-07-03 17:14:50+00:00,Joyas y Relojes,MLA3937,ITEM
417,MLA18444793,2742,Skmei 1068 Hombre (Cód: 18444793),6699.0,2021-09-10 19:39:45+00:00,Joyas y Relojes,MLA3937,PRODUCT
418,MLA1129405717,1500,Reloj Vintage Digital Luz Alarma Malla Acero Estuche Garant.,2950.36,2022-03-26 19:06:13+00:00,Joyas y Relojes,MLA3937,ITEM
412,MLA19534806,1432,"Reloj pulsera Gadnic Apolo de cuerpo color negro, digital, fondo negro, con correa de goma color negro, dial gris, minutero/segundero gris, bisel color negro, luz verde y hebilla simple",8399.0,2022-08-16 13:59:13+00:00,Joyas y Relojes,MLA3937,PRODUCT
399,MLA1221340476,1380,Reloj Pulsera Led Digital Para Nene Nena Band Infantil,2299.0,2022-11-01 20:59:44+00:00,Joyas y Relojes,MLA3937,ITEM
406,MLA1100363805,1362,Malla Para Apple Watch  38 40 Mm Serie 1 2 3 4 5 6 ,3655.6,2021-08-29 16:48:23+00:00,Joyas y Relojes,MLA3937,ITEM
410,MLA1148313773,1075,Collar Yin Yang Gatitos Perro Para Compartir Parejas Amistad,2499.99,2022-07-25 20:25:29+00:00,Joyas y Relojes,MLA3937,ITEM
408,MLA1327735473,1004,Malla Xiaomi Mi Band 3 4 5 6 Y 7 Nylon Correa Deportiva,3299.0,2023-01-30 23:16:39+00:00,Joyas y Relojes,MLA3937,ITEM
416,MLA1100373070,976, Malla Correa Para Apple Watch  42 44 Mm Serie 1 2 3 4 5 6,3655.6,2021-08-29 17:23:37+00:00,Joyas y Relojes,MLA3937,ITEM
407,MLA1283575546,803,Reloj Led Touch Unisex Malla Silicona Autoajustable Garantía,2357.5,2022-12-16 02:08:27+00:00,Joyas y Relojes,MLA3937,ITEM
405,MLA1281956611,600,Collar Cielo Nubes Brilla En La Oscuridad + Estuche Regalo,4059.3,2022-12-15 00:37:50+00:00,Joyas y Relojes,MLA3937,ITEM
400,MLA1108316534,500,Colgante Yo Te Cielo,5990.0,2021-10-15 03:48:19+00:00,Joyas y Relojes,MLA3937,ITEM
409,MLA1146520194,410,Reloj Despertador Digital Alarma Temperatura Luz Lcd Fecha,5136.58,2022-07-12 14:53:17+00:00,Joyas y Relojes,MLA3937,ITEM
413,MLA915249566,385,Tira Fimo Fimu Multicolor Separador Plano 6mm Bijou Collares,932.0,2021-04-08 20:16:01+00:00,Joyas y Relojes,MLA3937,ITEM
414,MLA1444338936,355,Malla Reemplazo Correa Para Samsung Fit 2 Pulsera Silicona,2001.23,2023-07-06 14:07:07+00:00,Joyas y Relojes,MLA3937,ITEM
421,MLA6831186,37130,Juego de mesa Monky loco Ditoys 071,7449.0,2017-07-13 19:49:52+00:00,Juegos y Juguetes,MLA1132,PRODUCT
426,MLA13295273,19252,Ditoys Doggy attack 2149,6003.0,2018-12-12 15:53:32+00:00,Juegos y Juguetes,MLA1132,PRODUCT
423,MLA6829078,17399,Juego de mesa Rummy & Burako Clásico Ruibal 1056,9899.0,2017-07-13 16:55:08+00:00,Juegos y Juguetes,MLA1132,PRODUCT
431,MLA13295274,16402,Juego de mesa Croky attack Ditoys 2150,5795.0,2018-12-12 15:53:32+00:00,Juegos y Juguetes,MLA1132,PRODUCT
422,MLA8872770,13501,Juego de mesa Monopoly Clásico Hasbro C1009,20180.0,2018-01-23 20:30:47+00:00,Juegos y Juguetes,MLA1132,PRODUCT
420,MLA17840062,11577,Juego de cartas Desconectados En Palabras,12500.0,2021-04-27 19:52:26+00:00,Juegos y Juguetes,MLA1132,PRODUCT
437,MLA16079564,11195,Juego de cartas Dables,2599.0,2020-09-09 21:07:56+00:00,Juegos y Juguetes,MLA1132,PRODUCT
435,MLA23627470,11169,Valija De Juguete Juliana Veterinaria Grande 2 Mascotas,7917.0,2023-06-02 05:21:17+00:00,Juegos y Juguetes,MLA1132,PRODUCT
434,MLA23441256,11074,Valija De Juguete Juliana Doctora 18 Accesorios,4930.0,2023-05-25 16:38:43+00:00,Juegos y Juguetes,MLA1132,PRODUCT
430,MLA23532730,9271,Juliana Valija Doctora Grande Luz Y Sonido Do13 Tv,8170.0,2023-05-29 12:40:04+00:00,Juegos y Juguetes,MLA1132,PRODUCT
436,MLA23441273,9134,Juliana Veterinaria Valija Chica Con Mascota Nenas Tv Edu Fu,5192.0,2023-05-25 16:38:43+00:00,Juegos y Juguetes,MLA1132,PRODUCT
428,MLA849139953,5031,Cubo Rubik 3x3 Moyu Meilong 3x3x3 De Velocidad,2870.0,2020-04-14 05:51:13+00:00,Juegos y Juguetes,MLA1132,ITEM
432,MLA1164207235,1500,Monopatín Aluminio Plegable 2 Ruedas Con Luces,7990.0,2022-09-07 18:35:15+00:00,Juegos y Juguetes,MLA1132,ITEM
424,MLA764928019,1450,Pizarra Magica Tableta Lcd Escritura Digital Ewrite Ohmyshop,4130.0,2019-01-04 21:09:38+00:00,Juegos y Juguetes,MLA1132,ITEM
438,MLA843856471,1000,Set De Cocina Y Accesorios Piccola Rondi,13800.0,2020-03-14 19:26:55+00:00,Juegos y Juguetes,MLA1132,ITEM
429,MLA580016017,500,Cocinita De Juguete Cocina De Madera Infantil Juego Chicos,15999.0,2021-06-26 04:24:17+00:00,Juegos y Juguetes,MLA1132,ITEM
425,MLA1370905121,351,Peluche Charizard 22cm Pokemon Varios Modelos Anime Pikachu,5999.0,2023-05-25 02:58:25+00:00,Juegos y Juguetes,MLA1132,ITEM
439,MLA19691378,47536,"Este dolor no es mío: Identifica y resuelve los traumas familiares heredados, de Mark Wolynn.",8800.0,2022-10-14 17:29:31+00:00,"Libros, Revistas y Comics",MLA3025,PRODUCT
440,MLA19801027,19110,Libro Hábitos Atómicos - James Clear,6498.0,2022-11-10 01:05:50+00:00,"Libros, Revistas y Comics",MLA3025,PRODUCT
456,MLA19921600,5846, Libro Piense Y Hagase Rico Napoleon Hill Ultima Edición !!!,4200.0,2022-12-01 21:39:54+00:00,"Libros, Revistas y Comics",MLA3025,PRODUCT
452,MLA22073890,5716,Libro Basta De Amores De Mierda - El Pela Gonzalo Romero,3220.0,2023-03-06 22:22:15+00:00,"Libros, Revistas y Comics",MLA3025,PRODUCT
451,MLA19908574,3974,Libro Un Cuento Perfecto - Elísabet Benavent,16200.0,2022-11-30 21:58:57+00:00,"Libros, Revistas y Comics",MLA3025,PRODUCT
442,MLA21937914,3030,Libro Hábitos Atómicos - James Clear - Booket,7799.0,2023-02-28 22:20:16+00:00,"Libros, Revistas y Comics",MLA3025,PRODUCT
441,MLA22134381,3011,Código Civil Y Comercial De La Nacion 2023 Universitario,3230.0,2023-03-10 00:06:11+00:00,"Libros, Revistas y Comics",MLA3025,PRODUCT
457,MLA22047794,2968,Camino Del Artista - Julia Cameron - Aguilar,10500.0,2023-03-06 12:23:14+00:00,"Libros, Revistas y Comics",MLA3025,PRODUCT
454,MLA19798614,2396,La Revolución De La Glucosa De Jessie Inchauspé - Diana,13205.0,2022-11-09 21:11:52+00:00,"Libros, Revistas y Comics",MLA3025,PRODUCT
455,MLA21937919,2119,Libro Adiós Cachorra - Lucía Numer - Planeta,7470.0,2023-02-28 22:20:17+00:00,"Libros, Revistas y Comics",MLA3025,PRODUCT
445,MLA21937918,1189,Libro El Duelo - Gabriel Rolón - Booket,6750.0,2023-02-28 22:20:17+00:00,"Libros, Revistas y Comics",MLA3025,PRODUCT
458,MLA22634778,1164,Código Penal + Procesal Penal De La Nación Y Federal - Univ,4370.0,2023-04-17 14:46:14+00:00,"Libros, Revistas y Comics",MLA3025,PRODUCT
446,MLA21500488,1159,"Si Lo Crees, Lo Creas: Elimina Tus Dudas, Cambia Tus Creenci",4000.0,2023-01-31 18:02:08+00:00,"Libros, Revistas y Comics",MLA3025,PRODUCT
443,MLA1223553630,755,Berserk - Elige Tu Tomo - Panini,2500.0,2022-11-03 17:25:04+00:00,"Libros, Revistas y Comics",MLA3025,ITEM
449,MLA22134585,626,"Dolarizacion, De Ocampo, Emilio., Vol. Único. Editorial Claridad, Tapa Blanda En Español, 2022",11900.0,2023-03-10 00:06:58+00:00,"Libros, Revistas y Comics",MLA3025,PRODUCT
444,MLA926591697,500,Biblia Reina Valera 1960 Letra Gigante Cierre Pjr Conc Negro,13608.0,2021-06-22 12:26:32+00:00,"Libros, Revistas y Comics",MLA3025,ITEM
448,MLA1423030322,500,Pack Basta De Amores De Mierda 1 2 3 4 Y 5 - Pela G. Romero,16999.0,2023-05-24 13:50:18+00:00,"Libros, Revistas y Comics",MLA3025,ITEM
450,MLA1141971247,500,Encuentra Tu Persona + Como Hacer Que Te Pasen Cosas Buenas ,19900.0,2022-06-10 19:07:08+00:00,"Libros, Revistas y Comics",MLA3025,ITEM
447,MLA20953806,368,Libro Simple Y Consciente - Silvina Luna - Vergara,5999.0,2023-01-03 00:00:11+00:00,"Libros, Revistas y Comics",MLA3025,PRODUCT
453,MLA22003111,243,"El Método Silva De Control Mental - José Silva, Philip Miele",19699.0,2023-03-04 00:12:36+00:00,"Libros, Revistas y Comics",MLA3025,PRODUCT
464,MLA22854894,1178,Taylor Swift Reputation Cd,6100.0,2023-04-26 20:34:53+00:00,"Música, Películas y Series",MLA1168,PRODUCT
460,MLA22487174,1144,Vinilo - Clics Modernos - Charly Garcia,18799.0,2023-04-05 11:13:40+00:00,"Música, Películas y Series",MLA1168,PRODUCT
477,MLA22739493,718,Lali Espósito Lali Sony Music - Físico - CD - 2023,3899.0,2023-04-19 20:42:18+00:00,"Música, Películas y Series",MLA1168,PRODUCT
478,MLA22617989,520,Charly Garcia Piano Bar Vinilo Lp Reedicion 2020,21954.59,2023-04-16 20:10:04+00:00,"Música, Películas y Series",MLA1168,PRODUCT
461,MLA22828318,502,Taylor Swift - Midnights Lavender (cd Deluxe) Universal,4290.0,2023-04-25 11:05:04+00:00,"Música, Películas y Series",MLA1168,PRODUCT
459,MLA1371963783,500,Stray Kids 5 Star Cd + Libro Nuevo Importado,34990.0,2023-06-02 19:30:07+00:00,"Música, Películas y Series",MLA1168,ITEM
462,MLA1107122526,500,Bolsas Fundas Externas Para Discos De Vinilo X 50 Unidades ,3000.0,2021-10-07 23:05:42+00:00,"Música, Películas y Series",MLA1168,ITEM
465,MLA875420044,500,Taylor Swift Folklore Cd + Bonus Nuevo Original Cerrado,4390.0,2020-08-27 19:39:16+00:00,"Música, Películas y Series",MLA1168,ITEM
466,MLA1156322414,500,Twice Between 1 & 2 Cd + Libro Nuevo Importado,35990.0,2022-08-22 22:18:27+00:00,"Música, Películas y Series",MLA1168,ITEM
467,MLA1111600991,500,Twice Formula Of Love Cd + Libro Nuevo Importado,35990.0,2021-11-08 20:24:52+00:00,"Música, Películas y Series",MLA1168,ITEM
470,MLA22725394,455,Vinilo Charly Garcia Parte De La Religion Sellado,18399.0,2023-04-19 18:00:30+00:00,"Música, Películas y Series",MLA1168,PRODUCT
474,MLA903827738,250,Taylor Swift Evermore Cd 2020 Nuevo Original Cerrado ,3790.0,2021-01-11 14:48:53+00:00,"Música, Películas y Series",MLA1168,ITEM
476,MLA607695886,250,Vinilo Soda Stereo Cancion Animal Lp Nuevo Remast.2015,18399.0,2016-02-24 23:14:28+00:00,"Música, Películas y Series",MLA1168,ITEM
469,MLA660762989,200,Vinilo Cerati Gustavo Amor Amarillo 2 Lp Nuevo,20699.0,2017-04-03 22:19:16+00:00,"Música, Películas y Series",MLA1168,ITEM
472,MLA22791661,163,Olivia Rodrigo Sour Deluxe Cd 2021 + Poster,3000.0,2023-04-22 00:33:57+00:00,"Música, Películas y Series",MLA1168,PRODUCT
471,MLA22493894,143,Gustavo Cerati 14 Episodios Siónicos Vinilo Doble,29990.0,2023-04-05 17:13:34+00:00,"Música, Películas y Series",MLA1168,PRODUCT
468,MLA1148002031,82,Vinilos De Coleccion La Nacion Lp + Libro  - Ver Variantes,9990.0,2022-07-24 04:18:51+00:00,"Música, Películas y Series",MLA1168,ITEM
463,MLA1379469313,50,Newjeans Get Up Bunny Beach Version Cd + Libro + Bolso Impor,37990.0,2023-07-25 02:26:25+00:00,"Música, Películas y Series",MLA1168,ITEM
473,MLA1379505549,25,Newjeans Get Up Powerpuff Girls Nj Box Ver Cd + Libro Nuevo ,29990.0,2023-07-25 02:04:17+00:00,"Música, Películas y Series",MLA1168,ITEM
475,MLA1467350410,5,Queen Vinilos De Coleccion 3lp N° 19 Live At Wembley Stadium,19990.0,2023-08-06 22:03:19+00:00,"Música, Películas y Series",MLA1168,ITEM
546,MLA19956502,32362,Gel Intimo Prime Touch X 200ml | Lubricante Y Masajes 2 En 1 Sabor Sin Sabor,3300.0,2022-12-05 21:33:35+00:00,Otras categorías,MLA1953,PRODUCT
539,MLA19971436,24212,Gel Intimo Anal Efecto Relajante Lubricante Lube Sex,1970.0,2022-12-06 21:33:30+00:00,Otras categorías,MLA1953,PRODUCT
542,MLA19990711,21422,Lubricante Intimo Neutro Fly Night 200 Ml,2399.0,2022-12-06 23:34:08+00:00,Otras categorías,MLA1953,PRODUCT
554,MLA19940435,9956,Gel Lubricante Intimo Neutro Miss V Hipoalergenico Todo Tipo Sabor Sin Sabor,1298.0,2022-12-03 21:33:16+00:00,Otras categorías,MLA1953,PRODUCT
556,MLA19971430,9292,Lubricante gel crema intimo Fly Night Vanal 200mL,2394.0,2022-12-06 21:33:30+00:00,Otras categorías,MLA1953,PRODUCT
543,MLA19940438,9002,Lubricante Sextual 200 Ml Geles Intimos ,1759.2,2022-12-03 21:33:17+00:00,Otras categorías,MLA1953,PRODUCT
545,MLA868578880,5650,Sahumerios Triple Empastes X Bolsa De 50 Sahum..,2080.0,2020-07-17 00:21:26+00:00,Otras categorías,MLA1953,ITEM
547,MLA853964200,5000,"Sahumerios Conos Cascadas, 1 Pack X 100 Unidades",3078.08,2020-05-07 20:26:53+00:00,Otras categorías,MLA1953,ITEM
544,MLA20003006,4762,Gel Intimo Anal Efecto Calor Lubricante Lube Sex,1919.68,2022-12-07 13:36:14+00:00,Otras categorías,MLA1953,PRODUCT
553,MLA19990707,4192,Gel intimo lubricante Diabolico anal extremadamente deslizante Fly Night 500g,4473.7,2022-12-06 23:34:07+00:00,Otras categorías,MLA1953,PRODUCT
540,MLA850751996,3329,Sahumerios Satya Nag Champa - 12 Unidades,6683.95,2020-04-22 00:20:13+00:00,Otras categorías,MLA1953,ITEM
541,MLA1309407118,1750,Sahumerios 40 Tibetanos Aromanza India 5 Aromas Diferentes,3347.5,2023-01-12 12:40:23+00:00,Otras categorías,MLA1953,ITEM
557,MLA20993917,1178,Lubricante gel crema anal Sexitive the wild boys con calendula 200g,2600.0,2023-01-04 03:35:03+00:00,Otras categorías,MLA1953,PRODUCT
548,MLA1107009569,565,Pigmento Extreme P/tatuar 1oz - Tinta Para Tattoo Tatuajes,2000.0,2021-10-06 22:05:35+00:00,Otras categorías,MLA1953,ITEM
549,MLA1425622280,500,Crema Tattoo Sin Dolor La Más Buscada !,6999.0,2023-05-29 18:30:07+00:00,Otras categorías,MLA1953,ITEM
550,MLA1124159987,500,Cartas Mazo Tarot Rider Waite + Guía ,4741.36,2022-02-18 19:46:52+00:00,Otras categorías,MLA1953,ITEM
551,MLA1137002410,500,Sahumerios Sagrada Madre Combo Mix Linea Completa X18 Anaand,11767.41,2022-05-12 15:30:57+00:00,Otras categorías,MLA1953,ITEM
552,MLA899045315,500,Línea Completa Sahumerios Sagrada Madre 12 Aromas,8908.2,2020-11-27 15:22:09+00:00,Otras categorías,MLA1953,ITEM
558,MLA1401627808,340,Sahumerios Extra Fuerte Aromanza Slim Pack X6 Unidades,2822.95,2023-04-21 15:45:29+00:00,Otras categorías,MLA1953,ITEM
555,MLA1375881833,200,Tktx Crema Negro Original,5720.0,2023-07-05 20:05:32+00:00,Otras categorías,MLA1953,ITEM
481,MLA619208970,57157,Remera Lisa Algodón Jersey Peinado Premium,4490.0,2016-05-05 23:05:48+00:00,Ropa y Accesorios,MLA1430,ITEM
491,MLA851120815,19937,Ambo Medico De Mujer Entallado Promoción! - Presente! ,8700.0,2020-04-23 22:02:06+00:00,Ropa y Accesorios,MLA1430,ITEM
495,MLA911412538,15870,Zapatillas Elastizadas Super Livianas Fabricante Directo,5963.29,2021-03-11 10:55:25+00:00,Ropa y Accesorios,MLA1430,ITEM
497,MLA877040991,13402,Remera Lisa Algodon 100 % Varios Colores Unisex Fabricantes!,3188.0,2020-09-06 15:23:21+00:00,Ropa y Accesorios,MLA1430,ITEM
480,MLA1110822890,11971,Pantalones Hombre Cargo Bolsillos Casuales Jogger Alpina,7738.0,2021-11-02 17:10:39+00:00,Ropa y Accesorios,MLA1430,ITEM
486,MLA1149398008,9615,Pack X 5 Remera Basica Hombre Manga Corta Lisa 100% Algodon,11990.0,2022-08-02 21:00:59+00:00,Ropa y Accesorios,MLA1430,ITEM
487,MLA845275688,8161,Crocs Originales Crocband Unisex Hombre Mujer - Local Olivos,14990.0,2020-03-25 14:35:04+00:00,Ropa y Accesorios,MLA1430,ITEM
479,MLA1379543968,7731,Zapatillas De Mujer Livianas Comodas Moda Nadin,12875.03,2023-03-24 16:57:52+00:00,Ropa y Accesorios,MLA1430,ITEM
493,MLA1146475522,4755,Zapato Hombre De Vestir Mocasin Nautico Urbano Zapatilla ,15990.0,2022-07-11 22:29:07+00:00,Ropa y Accesorios,MLA1430,ITEM
489,MLA1371125744,4405,Pantalon Jogger Cargo Hombre Gabardina Elastizada Bolsillos,7905.0,2023-03-14 15:22:05+00:00,Ropa y Accesorios,MLA1430,ITEM
483,MLA911111642,4044,Zapatillas Moda Mujer Urbana Plataforma  ,8264.13,2021-03-09 13:56:43+00:00,Ropa y Accesorios,MLA1430,ITEM
492,MLA886247092,4025,Botas Ozono Trekking,16645.5,2020-10-31 12:49:06+00:00,Ropa y Accesorios,MLA1430,ITEM
485,MLA1265774576,3993,Zapatillas Blancas Hombre Mujer Urbana Anatomica Irak Comoda,12869.34,2022-11-30 17:07:42+00:00,Ropa y Accesorios,MLA1430,ITEM
498,MLA1235791119,3789,Musculosa Capucha Entrenamiento Sudadera Gym Gdo Workout,4400.0,2022-11-11 19:21:35+00:00,Ropa y Accesorios,MLA1430,ITEM
488,MLA815050458,3184,"Boxer Zorba Art.130, Algodón - Pack X12 U - Directo Fabrica",13900.0,2019-09-15 21:56:05+00:00,Ropa y Accesorios,MLA1430,ITEM
482,MLA1138419137,2285,"Boxer  Didar Art 128, Algodón-pack X12 U- Directo Fábrica",13600.0,2022-05-23 11:59:36+00:00,Ropa y Accesorios,MLA1430,ITEM
490,MLA1396606660,2245,Zapatillas Mujer Base Comoda Liviana Diseño Love,14070.79,2023-04-14 23:49:26+00:00,Ropa y Accesorios,MLA1430,ITEM
484,MLA926488501,1850,Zapatilla Hombre Urbana Livanas Art. 1073,7690.0,2021-06-21 05:32:41+00:00,Ropa y Accesorios,MLA1430,ITEM
494,MLA820367649,500,Pantalones Cargo Hombre Gabardina Bolsillos Jogger Jogging,8649.0,2019-10-17 16:06:41+00:00,Ropa y Accesorios,MLA1430,ITEM
507,MLA18948053,131864,TRB Pharma Colágeno Ultraflex Polvo - Pote - Limón - Pack - 2 - 300 g,17712.0,2022-02-22 19:02:18+00:00,Salud y Equipamiento Médico,MLA409431,PRODUCT
505,MLA15503957,108874,"Balanza digital Femmto B01 negra, hasta 180 kg",7029.0,2020-03-02 13:40:16+00:00,Salud y Equipamiento Médico,MLA409431,PRODUCT
501,MLA19441502,47988,Tensiometro Digital De Brazo Femmto Yk-bpa3 Medidor De Presion  Blanco,16999.0,2022-07-08 03:43:33+00:00,Salud y Equipamiento Médico,MLA409431,PRODUCT
511,MLA18212679,34734,Suplemento Dietario Ensure Polvo Vainilla x1200gr,19759.0,2021-06-30 12:27:11+00:00,Salud y Equipamiento Médico,MLA409431,PRODUCT
510,MLA18614897,25598,Suplemento en polvo Vitalis Navitas  Colágeno Hidrolizado sabor limón en pote de 360g,15590.0,2021-11-16 17:30:30+00:00,Salud y Equipamiento Médico,MLA409431,PRODUCT
509,MLA18613671,16216,Natural Whey Suplementos Magnesio Citrato de Magnesio Polvo - Sachet - Unidad - 1 - 1 kg,12204.72,2021-11-15 20:14:36+00:00,Salud y Equipamiento Médico,MLA409431,PRODUCT
513,MLA22021805,7913,Tensiómetro Digital Brazo Bluetooth Batería Automático Femmto Medidor De Presión Arterial YK-BPA4 USB,20999.0,2023-03-04 22:12:05+00:00,Salud y Equipamiento Médico,MLA409431,PRODUCT
512,MLA19147005,6008,Balanza Corporal Para Personas Femmto B04 Bluetooth Digital Negro,14499.0,2022-06-06 22:02:30+00:00,Salud y Equipamiento Médico,MLA409431,PRODUCT
518,MLA1108957511,5000,Tensiometro Manual Aneroide Con Estetoscopio Enfermería Kit ,7999.0,2021-10-20 15:44:18+00:00,Salud y Equipamiento Médico,MLA409431,ITEM
517,MLA1119496660,3010,Caja Guantes Nitrilo Negro Reforzado Con Anmat X 100 ,4890.0,2022-01-14 18:45:41+00:00,Salud y Equipamiento Médico,MLA409431,ITEM
516,MLA872176455,2000,3 Proteina Whey Protein 100% (1080 Gr C/u) Spx +vaso Shaker ,15300.0,2020-08-07 14:06:01+00:00,Salud y Equipamiento Médico,MLA409431,ITEM
506,MLA1180622302,1500,Whey Protein 2 Kg + Creatina Spx 300 Gr Saborizada,15240.0,2022-09-29 14:05:34+00:00,Salud y Equipamiento Médico,MLA409431,ITEM
526,MLA796378799,9750,Set 14 Globos Metalizados Estrella Transparente Confetti,1850.0,2019-07-01 22:36:12+00:00,"Souvenirs, Cotillón y Fiestas",MLA9304,ITEM
521,MLA800268665,5000,Golosinas Para Piñata X 100 U - Lollipop,1590.0,2019-07-15 14:46:47+00:00,"Souvenirs, Cotillón y Fiestas",MLA9304,ITEM
522,MLA622222212,5000,Combo Cotillon Luminoso Led Neon 100 Personas + Labial Fluo,30799.0,2016-05-30 12:09:44+00:00,"Souvenirs, Cotillón y Fiestas",MLA9304,ITEM
536,MLA635870846,5000,Pulseras Luminosas Quimicas Neon Fiesta Cotillon Rompecocos,2350.0,2016-09-21 01:36:14+00:00,"Souvenirs, Cotillón y Fiestas",MLA9304,ITEM
532,MLA850912783,4750,Globos Perlados 12 Pulgadas X25 Unidades Cotillon Cumpleaños,1650.0,2020-04-22 22:49:02+00:00,"Souvenirs, Cotillón y Fiestas",MLA9304,ITEM
537,MLA851153593,3750,Cortina Metalizada Varios Colores 1x2 Mt Cotillon,890.0,2020-04-24 01:18:28+00:00,"Souvenirs, Cotillón y Fiestas",MLA9304,ITEM
534,MLA1128830174,3400,Bengala De Humo X1 - Cienfuegos,1500.0,2022-03-22 20:30:23+00:00,"Souvenirs, Cotillón y Fiestas",MLA9304,ITEM
524,MLA1425400552,1105,Set De 14 Globos Metalizados Estrella Corazon Confetti Latex,1750.0,2023-05-29 16:32:19+00:00,"Souvenirs, Cotillón y Fiestas",MLA9304,ITEM
527,MLA1370977661,1056,Cortinas Metalizadas Decoración 1 Metro X 2 Metros,990.0,2023-05-24 22:26:44+00:00,"Souvenirs, Cotillón y Fiestas",MLA9304,ITEM
523,MLA1154231259,960,25 Globo Latex Liso Cotillon Candy Bar Cumpleaños Decoracion,1810.0,2022-08-18 12:49:48+00:00,"Souvenirs, Cotillón y Fiestas",MLA9304,ITEM
528,MLA1363852129,950,Banderines X 20 Mt Tela Friselina De 80 Gr Elegí Tus Colores,4099.48,2023-03-26 16:07:16+00:00,"Souvenirs, Cotillón y Fiestas",MLA9304,ITEM
530,MLA1104595285,885,Disfraz Hombre Araña Con Mascara Spiderman Manga Larga,6323.35,2021-09-22 20:22:02+00:00,"Souvenirs, Cotillón y Fiestas",MLA9304,ITEM
519,MLA1145516374,500,Inflador De Globos Electrico Black Doble Salida 600w,14800.0,2022-07-05 13:24:49+00:00,"Souvenirs, Cotillón y Fiestas",MLA9304,ITEM
520,MLA1370888909,500,Combo De Globos Cumpleaños Súper Completo Decoración Números,4990.0,2023-05-24 22:26:32+00:00,"Souvenirs, Cotillón y Fiestas",MLA9304,ITEM
525,MLA912369734,500,Combo Cotillon Carioca Fluor 115 Articulos 50 Personas,5998.0,2021-03-17 22:12:58+00:00,"Souvenirs, Cotillón y Fiestas",MLA9304,ITEM
529,MLA1120223774,500,Laminas Comestibles Fototorta Impresiones Personalizadas A4,799.99,2022-01-22 00:45:43+00:00,"Souvenirs, Cotillón y Fiestas",MLA9304,ITEM
531,MLA1145260244,500,30 Burbujeros Molino Souvenir Piñata Sorpresa ,5749.0,2022-07-03 02:28:34+00:00,"Souvenirs, Cotillón y Fiestas",MLA9304,ITEM
538,MLA1370889227,500,Base Soporte Con 7 Varillas Porta Globo Mesa Cotillón Cumple,1340.0,2023-05-24 22:27:23+00:00,"Souvenirs, Cotillón y Fiestas",MLA9304,ITEM
533,MLA1157509916,362,Kit Cumple + Candy Imprimible Editable Unificado,850.0,2022-08-24 18:41:56+00:00,"Souvenirs, Cotillón y Fiestas",MLA9304,ITEM
535,MLA1361239847,331,Video Invitación Animada (con Foto Opcional) Tarjeta Virtual,1900.0,2023-03-02 23:35:59+00:00,"Souvenirs, Cotillón y Fiestas",MLA9304,ITEM
